Country Name,Country Code,Indicator Name,Indicator Code,1990,1991,1992,1993,1994,1995,1996,1997,1998,1999,2000,2001,2002,2003,2004,2005,2006,2007,2008,2009,2010,2011,2012,2013,2014,2015,2016,2017,2018,2019,2020,2021,2022,2023,2024
Aruba,ABW,"Mortality rate, infant (per 1,000 live births)",SP.DYN.IMRT.IN,,,,,,,,,,,,,,,,,,,,,,,,,,,,,,,,,,,
Africa Eastern and Southern,AFE,"Mortality rate, infant (per 1,000 live births)",SP.DYN.IMRT.IN,100.8918484,103.9797421,103.3590951,98.50249469,99.24624039,95.75241257,94.25058265,92.60693537,92.28122311,87.94415319,85.20273916,82.19434074,78.83785288,75.6413222,72.72543552,69.57137918,66.26402529,63.47449576,60.80280722,58.50973919,56.90342417,57.89261943,53.04177636,50.73365787,50.02710839,49.01030453,47.77391964,46.78326396,43.8518142,42.19007391,41.1258527,40.08755979,39.67305853,37.91975501,
Afghanistan,AFG,"Mortality rate, infant (per 1,000 live births)",SP.DYN.IMRT.IN,144.5,140.1,135.9,132,128.3,124.8,121.7,118.8,115.9,113,110.1,107,103.8,100.6,97.2,93.7,90.1,86.7,83.3,80,76.9,74,71.3,68.7,66.4,64.2,62.3,60.4,58.6,56.9,55.3,53.6,52,50.4,
Africa Western and Central,AFW,"Mortality rate, infant (per 1,000 live births)",SP.DYN.IMRT.IN,104.5244949,103.9283018,103.5145927,103.0643804,102.4842031,101.6570237,100.671326,99.1955257,97.43207188,95.35192613,93.00657132,90.49392562,87.81610449,85.05489604,82.35436956,79.6981633,77.20617222,74.93470979,72.87603863,73.0575919,69.41223659,67.90625161,66.54131201,65.50370137,64.81305008,63.44950478,62.43064933,61.50227725,60.12194824,59.56770255,57.55020793,56.47404361,56.43032022,53.33721583,
Angola,AGO,"Mortality rate, infant (per 1,000 live births)",SP.DYN.IMRT.IN,122.3,122.5,122.9,123.1,123.3,123.2,122.6,121.5,119.8,117.6,115,111.9,108.1,104,99.3,94.4,89.1,83.8,78.7,73.7,68.9,64.4,60.4,56.7,53.6,51.1,48.9,47,45.3,43.8,42.3,40.9,39.6,38.3,
Albania,ALB,"Mortality rate, infant (per 1,000 live births)",SP.DYN.IMRT.IN,27.2,26,25,24,23.1,22.2,21.3,20.5,19.6,18.7,17.9,17,16.1,15.3,14.4,13.5,12.7,11.9,11.1,10.4,9.7,9,8.5,8,7.8,7.6,7.6,7.7,7.8,8,8.1,8.2,8.3,8.3,
Andorra,AND,"Mortality rate, infant (per 1,000 live births)",SP.DYN.IMRT.IN,9.1,8.8,8.6,8.4,8.2,7.9,7.6,7.4,7.1,6.8,6.6,6.3,6.1,5.8,5.6,5.4,5.1,4.9,4.7,4.4,4.2,4.1,3.9,3.7,3.5,3.4,3.2,3.1,2.9,2.8,2.7,2.7,2.6,2.5,
Arab World,ARB,"Mortality rate, infant (per 1,000 live births)",SP.DYN.IMRT.IN,62.63707593,67.63749057,65.50345241,56.98644125,55.55729993,54.22720861,52.79348651,51.38374007,49.91043913,48.46317977,47.01733126,45.58711645,44.22383476,42.8635459,42.26337393,40.95583456,38.95227879,37.50860115,36.19701486,35.06479086,34.84839271,39.81090077,33.26693466,31.32268153,30.48460422,29.94074854,29.3311611,29.80102566,29.05843705,28.0382567,27.42442808,26.98374509,27.76784385,25.6477785,
United Arab Emirates,ARE,"Mortality rate, infant (per 1,000 live births)",SP.DYN.IMRT.IN,11.8,11.2,10.7,10.2,9.8,9.5,9.2,9,8.8,8.6,8.5,8.3,8.2,8,7.9,7.7,7.6,7.5,7.3,7.2,7,6.8,6.7,6.5,6.3,6.1,5.8,5.6,5.3,5,4.7,4.4,4.2,4,
Argentina,ARG,"Mortality rate, infant (per 1,000 live births)",SP.DYN.IMRT.IN,24.8,24.5,23.8,22.9,22,20.9,19.9,18.9,18.1,17.3,16.7,16.2,15.8,15.4,14.9,14.4,14,13.6,13.2,12.8,12.4,11.9,11.4,10.9,10.4,10,9.7,9.4,9.2,8.9,8.7,8.5,8.3,8.2,
Armenia,ARM,"Mortality rate, infant (per 1,000 live births)",SP.DYN.IMRT.IN,45.5,43.5,41.5,39.6,37.8,35.9,34.2,32.5,30.9,29.3,27.8,26.4,25,23.7,22.5,21.3,20.1,19.1,18.1,17.2,16.4,15.6,14.8,14.1,13.4,12.8,12.2,11.7,11.2,10.7,10.2,9.7,9.3,8.9,
American Samoa,ASM,"Mortality rate, infant (per 1,000 live births)",SP.DYN.IMRT.IN,,,,,,,,,,,,,,,,,,,,,,,,,,,,,,,,,,,
Antigua and Barbuda,ATG,"Mortality rate, infant (per 1,000 live births)",SP.DYN.IMRT.IN,11.1,11.4,11.7,12.1,12.3,12.6,12.7,12.7,12.6,12.4,12.2,11.9,11.6,11.3,11,10.8,10.5,10.2,10,9.7,9.5,9.3,9.1,8.9,8.8,8.6,8.4,8.3,8.2,8,7.8,7.7,7.5,7.3,
Australia,AUS,"Mortality rate, infant (per 1,000 live births)",SP.DYN.IMRT.IN,7.6,7.1,6.7,6.3,6,5.8,5.6,5.4,5.3,5.2,5.1,5,4.9,4.9,4.8,4.8,4.7,4.5,4.4,4.2,4,3.8,3.6,3.5,3.4,3.3,3.2,3.2,3.2,3.2,3.2,3.2,3.2,3.1,
Austria,AUT,"Mortality rate, infant (per 1,000 live births)",SP.DYN.IMRT.IN,8,7.5,7.1,6.6,6.1,5.7,5.3,5,4.8,4.6,4.5,4.5,4.4,4.3,4.2,4.1,4,3.9,3.8,3.7,3.6,3.5,3.4,3.3,3.2,3.1,3,3,3,2.9,2.9,2.8,2.7,2.6,
Azerbaijan,AZE,"Mortality rate, infant (per 1,000 live births)",SP.DYN.IMRT.IN,75.5,75.9,76.4,76.7,76.4,75.5,73.7,71.1,67.8,64,59.9,55.7,51.7,47.9,44.5,41.4,38.6,36.1,33.7,31.6,29.5,27.5,25.7,24.1,22.5,21.1,19.8,18.7,17.6,16.6,15.6,14.8,14.1,13.3,
Burundi,BDI,"Mortality rate, infant (per 1,000 live births)",SP.DYN.IMRT.IN,92.6,93.9,95.1,100.9,96.3,96.3,95.8,94.7,93,91,88.6,86.1,83.3,80.4,77.1,73.4,69.5,65.6,61.8,58.3,55,51.9,49,46.3,44,41.8,40,38.4,37,35.6,34.5,33.4,32.4,31.5,
Belgium,BEL,"Mortality rate, infant (per 1,000 live births)",SP.DYN.IMRT.IN,8.3,8,7.7,7.3,6.8,6.4,5.9,5.6,5.3,5,4.8,4.7,4.5,4.4,4.2,4.1,4,3.9,3.8,3.8,3.7,3.6,3.5,3.5,3.4,3.4,3.4,3.4,3.3,3.3,3.2,3.2,3.1,3,
Benin,BEN,"Mortality rate, infant (per 1,000 live births)",SP.DYN.IMRT.IN,97.9,96,94,92,90.1,88.3,86.6,84.9,83.2,81.4,79.7,77.8,76,74.2,72.5,70.9,69.3,67.9,66.4,65.1,63.7,62.4,61,59.7,58.3,57,55.7,54.4,53.1,51.8,50.4,49.1,47.7,46.4,
Burkina Faso,BFA,"Mortality rate, infant (per 1,000 live births)",SP.DYN.IMRT.IN,102.9,102.5,102.3,102,101.4,100.6,99.2,97.7,96,94.2,92.4,90.5,88.3,85.9,83.2,80.3,77.1,73.9,71,68.2,65.7,63.5,61.6,59.8,58,56.3,54.7,53.1,51.6,50.2,48.7,47.3,46.1,44.8,
Bangladesh,BGD,"Mortality rate, infant (per 1,000 live births)",SP.DYN.IMRT.IN,96.2,92.5,88.9,85.2,81.5,77.8,74.2,70.5,66.9,63.3,59.8,56.6,53.6,50.9,48.4,46,43.9,41.9,40.1,38.4,36.9,35.4,34.1,32.7,31.4,30,28.6,27.4,26.3,25.4,24.9,24.5,24.4,24.4,
Bulgaria,BGR,"Mortality rate, infant (per 1,000 live births)",SP.DYN.IMRT.IN,14.6,15,15.3,15.4,15.4,15.5,15.7,15.7,15.4,14.9,14.3,13.8,13.2,12.5,11.8,11,10.4,9.9,9.6,9.3,9.1,8.7,8.3,7.8,7.3,6.8,6.4,6.1,5.8,5.5,5.4,5.2,5.1,5,
Bahrain,BHR,"Mortality rate, infant (per 1,000 live births)",SP.DYN.IMRT.IN,20,19.7,19.1,18.2,16.9,15.6,14.2,13,11.9,11.1,10.5,10.1,9.7,9.4,9.1,8.8,8.5,8.1,7.8,7.4,7.1,6.8,6.6,6.5,6.4,6.3,6.3,6.3,6.4,6.5,6.6,6.8,7,7.2,
"Bahamas, The",BHS,"Mortality rate, infant (per 1,000 live births)",SP.DYN.IMRT.IN,19.7,18.7,17.9,17,16.2,15.5,14.8,14.3,13.9,13.7,13.7,13.9,14.1,14.3,14.4,14.5,14.4,14.2,14,13.7,13.4,13.1,12.8,12.6,12.4,12.3,12.2,12.1,12,15.7,11.8,11.7,11.6,11.4,
Bosnia and Herzegovina,BIH,"Mortality rate, infant (per 1,000 live births)",SP.DYN.IMRT.IN,16.1,14.9,30.6,30.5,12.3,14,10.9,10.2,9.6,8.9,8.3,7.8,7.3,6.9,6.6,6.4,6.3,6.2,6.1,6,6,5.9,5.9,5.9,5.9,5.9,5.9,6,5.9,5.9,5.8,5.7,5.5,5.3,
Belarus,BLR,"Mortality rate, infant (per 1,000 live births)",SP.DYN.IMRT.IN,12.1,12.1,12.2,12.3,12.4,12.4,12.2,11.9,11.4,10.7,9.9,9.2,8.5,7.8,7.2,6.7,6.1,5.6,5.1,4.6,4.2,3.9,3.7,3.5,3.3,3.1,2.9,2.8,2.6,2.4,2.2,2.1,2,1.9,
Belize,BLZ,"Mortality rate, infant (per 1,000 live births)",SP.DYN.IMRT.IN,30.9,29.1,27.5,26.1,24.8,23.7,22.7,21.9,21.1,20.3,19.6,19,18.4,17.9,17.5,17.1,16.8,16.5,16.2,15.9,15.5,15.1,14.7,14.2,13.6,13.1,12.6,12.1,11.7,11.4,11.1,11,10.9,10.8,
Bermuda,BMU,"Mortality rate, infant (per 1,000 live births)",SP.DYN.IMRT.IN,,,,,,,,,,,,,,,,,,,,,,,,,,,,,,,,,,,
Bolivia,BOL,"Mortality rate, infant (per 1,000 live births)",SP.DYN.IMRT.IN,90,87,84,81.1,78.1,75.1,72.1,69,65.9,62.7,59.6,56.6,53.7,50.9,48.2,45.7,43.3,41,38.8,36.8,34.9,33.2,31.5,29.9,28.4,27.1,25.9,24.8,23.9,23,22.2,21.4,20.7,20,
Brazil,BRA,"Mortality rate, infant (per 1,000 live births)",SP.DYN.IMRT.IN,52,49.8,47.4,44.9,42.4,39.8,37.4,35.1,33,31,29.1,27.3,25.5,23.9,22.4,21,19.7,18.6,17.6,16.7,16,15.3,14.8,14.4,14,13.7,14.6,13.3,13.1,13,12.8,12.7,12.6,12.5,
Barbados,BRB,"Mortality rate, infant (per 1,000 live births)",SP.DYN.IMRT.IN,16.2,15.5,14.8,14.2,13.7,13.4,13.1,12.9,12.8,12.9,13,13.1,13.3,13.4,13.5,13.5,13.4,13.2,13.1,12.9,12.7,12.5,12.4,12.2,12,11.8,11.5,11.2,10.9,10.5,10.2,9.9,9.6,9.3,
Brunei Darussalam,BRN,"Mortality rate, infant (per 1,000 live births)",SP.DYN.IMRT.IN,10.3,10.2,10.2,10.1,10,9.7,9.5,9.1,8.8,8.6,8.3,8.1,8,7.9,7.8,7.8,7.8,7.9,8,8,8.1,8.2,8.3,8.4,8.5,8.5,8.6,8.6,8.6,8.5,8.5,8.4,8.3,8.2,
Bhutan,BTN,"Mortality rate, infant (per 1,000 live births)",SP.DYN.IMRT.IN,95.8,92,88.3,84.8,81.2,77.6,74,70.5,66.8,63.4,60.1,56.7,53.5,50.3,47.2,44.1,41.2,38.4,35.9,33.6,31.4,29.5,27.9,26.5,25.4,24.4,23.4,22.6,21.8,21.1,20.3,19.8,19.1,18.5,
Botswana,BWA,"Mortality rate, infant (per 1,000 live births)",SP.DYN.IMRT.IN,38.9,39.3,40.3,41.5,42.6,41.3,41.5,41.6,41.7,42.4,42.5,42.3,42.4,43.3,44.5,43,43.8,47.1,49,49.3,50.5,52,48.8,47.6,48.4,47.2,46.7,44.3,43.2,42.3,41.5,40.3,39.2,38.2,
Central African Republic,CAF,"Mortality rate, infant (per 1,000 live births)",SP.DYN.IMRT.IN,109,108.5,107.9,107.1,106.3,105.6,104.7,103.6,102.5,101.2,99.8,98.3,96.5,94.7,92.6,90.5,87.8,85.6,83.6,234.9,88.1,78.1,76.5,81,100.2,72.4,77,87.4,74,124.3,74.5,93.6,189.1,60.4,
Canada,CAN,"Mortality rate, infant (per 1,000 live births)",SP.DYN.IMRT.IN,6.8,6.6,6.4,6.2,6,5.8,5.6,5.5,5.4,5.3,5.3,5.3,5.3,5.3,5.3,5.2,5.2,5.1,5.1,5,5,4.9,4.8,4.8,4.7,4.7,4.6,4.6,4.5,4.5,4.5,4.5,4.5,4.4,
Central Europe and the Baltics,CEB,"Mortality rate, infant (per 1,000 live births)",SP.DYN.IMRT.IN,16.13875226,15.58113699,15.15622886,14.68597767,14.27176224,13.74659314,13.11004891,12.42005535,11.7362308,11.07328432,10.44504297,9.890928424,9.544504662,9.299432269,8.93260309,8.472916677,7.940586655,7.377500847,6.944361448,6.562959245,6.170305396,5.866331212,5.617775385,5.330247013,5.083771156,4.869163233,4.65300774,4.433115786,4.237058868,4.057460284,3.994483633,3.929528867,3.92088972,3.913374117,
Switzerland,CHE,"Mortality rate, infant (per 1,000 live births)",SP.DYN.IMRT.IN,6.6,6.4,6.1,5.8,5.5,5.2,5,4.9,4.8,4.7,4.7,4.6,4.5,4.5,4.4,4.3,4.2,4.1,4,4,3.9,3.9,3.8,3.8,3.8,3.7,3.7,3.6,3.6,3.5,3.5,3.5,3.5,3.5,
Channel Islands,CHI,"Mortality rate, infant (per 1,000 live births)",SP.DYN.IMRT.IN,,,,,,,,,,,,,,,,,,,,,,,,,,,,,,,,,,,
Chile,CHL,"Mortality rate, infant (per 1,000 live births)",SP.DYN.IMRT.IN,16,14.8,13.6,12.5,11.6,11,10.5,10.2,10,9.7,9.2,8.7,8.2,8,7.9,7.7,7.6,7.6,7.6,7.6,7.5,7.4,7.2,7.1,7,6.8,6.7,6.5,6.3,6,5.9,5.8,5.9,6.2,
China,CHN,"Mortality rate, infant (per 1,000 live births)",SP.DYN.IMRT.IN,43.3,42.9,42.3,41.3,40.1,38.7,37.2,35.6,33.8,31.9,30,27.8,25.6,23.5,21.3,19.4,17.7,16.1,14.8,13.6,12.5,11.5,10.5,9.7,8.9,8.2,7.6,7,6.4,6,5.5,5.1,4.8,4.5,
Cote d'Ivoire,CIV,"Mortality rate, infant (per 1,000 live births)",SP.DYN.IMRT.IN,100.6,100.5,100.2,99.7,99.2,98.4,97.6,96.3,94.9,93.2,91.4,89.4,87.3,85.1,82.8,80.2,78.1,75.6,73,70.9,68.8,67,64.9,62.8,60.8,59,57.4,55.8,54.1,52.3,50.9,49.2,47.9,46.6,
Cameroon,CMR,"Mortality rate, infant (per 1,000 live births)",SP.DYN.IMRT.IN,80.8,81.6,82.7,83.9,85,85.8,86.2,86.1,85.5,84.4,82.8,80.9,78.8,76.9,74.9,73.3,71.3,69.7,67.9,66.3,63.9,62,59.8,57.4,55.4,53.2,51.6,49.7,48.1,46.8,45.3,43.8,42.5,41.2,
"Congo, Dem. Rep.",COD,"Mortality rate, infant (per 1,000 live births)",SP.DYN.IMRT.IN,102.4,101.4,100.6,99.8,99.1,98.3,97.5,96.4,95,93.3,91.2,89,86.5,84,81.3,78.6,75.9,73.3,70.7,68.3,65.9,63.8,61.8,59.9,58,56.2,54.5,52.9,51.3,49.8,48.4,47.1,45.8,44.5,
"Congo, Rep.",COG,"Mortality rate, infant (per 1,000 live births)",SP.DYN.IMRT.IN,57.2,58.4,60.1,62.2,64.4,66.9,69.4,71.7,73.3,73.9,73.3,71.5,68.6,64.8,60.6,56.3,52.1,48.4,45.3,42.9,41,39.5,38.3,37.2,36.1,35,33.9,32.9,32,33,30.2,29.3,28.5,27.6,
Colombia,COL,"Mortality rate, infant (per 1,000 live births)",SP.DYN.IMRT.IN,29.6,28.7,27.8,27,26.2,25.3,24.5,23.7,23,22.3,21.6,21,20.4,19.9,19.3,18.8,18.3,17.8,17.3,16.8,16.3,15.8,15.3,14.8,14.4,14,13.6,13.2,12.7,12.4,12,11.6,11.3,10.9,
Comoros,COM,"Mortality rate, infant (per 1,000 live births)",SP.DYN.IMRT.IN,93.5,90.2,86.9,83.7,80.6,77.6,74.8,72.2,69.6,67.1,64.8,62.7,60.5,58.5,56.5,54.6,52.9,51.2,49.7,48.3,47,45.9,44.9,44,43.2,42.5,41.7,41,40.3,39.5,38.7,37.8,36.8,35.7,
Cabo Verde,CPV,"Mortality rate, infant (per 1,000 live births)",SP.DYN.IMRT.IN,42.1,41.3,41.3,41.7,42,41.8,40.6,38.4,35.5,32.3,29.4,27,25.3,24.3,23.9,23.9,24.1,24.3,24.4,24.3,23.8,22.9,21.8,20.5,19,17.6,16.2,15,14,13.2,12.5,12,11.5,11,
Costa Rica,CRI,"Mortality rate, infant (per 1,000 live births)",SP.DYN.IMRT.IN,14.4,13.8,13.4,13.1,12.9,12.7,12.6,12.3,12.1,11.7,11.2,10.8,10.4,10.1,9.9,9.7,9.6,9.5,9.4,9.3,9,8.8,8.5,8.2,8,7.8,7.7,7.7,7.8,7.9,8.2,8.5,8.8,9.2,
Caribbean small states,CSS,"Mortality rate, infant (per 1,000 live births)",SP.DYN.IMRT.IN,33.34890607,32.52792932,31.70799734,31.02724692,30.42990157,29.78866044,29.1914616,28.58042143,28.08166457,27.35853314,26.66959474,26.08547819,25.50253991,24.94726088,24.48157054,24.04945884,23.67315768,23.3101356,22.89148672,22.50391077,22.20361471,21.86375826,21.50087196,21.14795718,20.73435005,20.30704806,19.92641273,19.43574779,18.9694541,18.95579578,18.21975914,17.81034248,17.32497955,16.81998721,
Cuba,CUB,"Mortality rate, infant (per 1,000 live births)",SP.DYN.IMRT.IN,10.8,10.3,9.8,9.3,8.9,8.5,8.1,7.8,7.4,7.1,6.8,6.5,6.3,6,5.8,5.6,5.4,5.2,5.1,5,4.9,4.8,4.8,4.7,4.8,4.8,4.9,5,5.2,5.4,5.7,6,6.3,6.6,
Curacao,CUW,"Mortality rate, infant (per 1,000 live births)",SP.DYN.IMRT.IN,,,,,,,,,,,,,,,,,,,,,,,,,,,,,,,,,,,
Cayman Islands,CYM,"Mortality rate, infant (per 1,000 live births)",SP.DYN.IMRT.IN,,,,,,,,,,,,,,,,,,,,,,,,,,,,,,,,,,,
Cyprus,CYP,"Mortality rate, infant (per 1,000 live births)",SP.DYN.IMRT.IN,9.9,9.7,9.4,9,8.5,8,7.5,7,6.6,6.2,5.8,5.4,5,4.6,4.3,3.9,3.6,3.3,3.1,2.9,2.8,2.6,2.5,2.5,2.4,2.4,2.4,2.4,2.5,2.6,2.6,2.7,2.8,2.9,
Czechia,CZE,"Mortality rate, infant (per 1,000 live births)",SP.DYN.IMRT.IN,10.3,9.9,9.4,8.6,7.9,7.1,6.4,5.7,5.2,4.8,4.5,4.2,4.1,3.9,3.7,3.5,3.3,3.2,3,2.8,2.7,2.6,2.6,2.5,2.5,2.6,2.6,2.6,2.5,2.4,2.4,2.3,2.2,2.1,
Germany,DEU,"Mortality rate, infant (per 1,000 live births)",SP.DYN.IMRT.IN,7,6.6,6.2,5.8,5.5,5.3,5,4.8,4.7,4.5,4.4,4.3,4.2,4.1,4,3.9,3.8,3.7,3.6,3.5,3.5,3.4,3.4,3.3,3.3,3.3,3.3,3.2,3.2,3.1,3.1,3.1,3.1,3.1,
Djibouti,DJI,"Mortality rate, infant (per 1,000 live births)",SP.DYN.IMRT.IN,88.2,87.2,86.5,85.9,85.5,85,84.5,83.9,83.1,82,80.9,79.5,78,76.4,74.9,73.3,71.6,69.9,68.1,66.6,64.9,63.3,61.6,59.9,58.3,56.6,55.1,53.5,52,50.4,48.8,47.3,45.9,44.4,
Dominica,DMA,"Mortality rate, infant (per 1,000 live births)",SP.DYN.IMRT.IN,14.9,14.9,14.9,15,15.1,15.3,15.4,15.7,16,16.3,16.6,17,17.5,18,18.5,19,19.6,20.3,21,21.7,22.5,23.3,24.1,25,25.9,26.8,27.8,28.8,29.7,30.6,31.4,32.1,32.7,33.1,
Denmark,DNK,"Mortality rate, infant (per 1,000 live births)",SP.DYN.IMRT.IN,7.3,6.9,6.5,6,5.7,5.4,5.2,5,4.8,4.8,4.7,4.6,4.5,4.4,4.2,4.1,3.9,3.8,3.7,3.6,3.5,3.5,3.5,3.5,3.5,3.5,3.5,3.4,3.4,3.3,3.2,3.2,3.1,3,
Dominican Republic,DOM,"Mortality rate, infant (per 1,000 live births)",SP.DYN.IMRT.IN,48,46.3,44.5,42.8,41.1,39.5,38,36.7,35.5,34.5,33.6,32.9,32.3,31.8,31.5,31.2,31,30.9,30.8,30.7,30.7,30.8,30.8,30.9,31,31.2,31.3,31.3,31.2,30.9,30.4,29.8,29.1,28.4,
Algeria,DZA,"Mortality rate, infant (per 1,000 live births)",SP.DYN.IMRT.IN,39.8,39.6,39.6,39.5,39.2,38.8,38.2,37.4,36.6,35.7,34.7,33.6,32.4,31.3,30.1,29,27.9,26.9,25.9,25.1,24.4,23.8,23.2,22.7,22.3,21.9,21.6,21.3,21,20.7,20.4,20.2,20,19.7,
East Asia & Pacific (excluding high income),EAP,"Mortality rate, infant (per 1,000 live births)",SP.DYN.IMRT.IN,46.5705476,46.12771888,45.2075331,44.03127112,42.71838592,41.7556054,40.32983641,38.80817331,37.2211128,35.52378763,33.632546,31.88498597,30.05357612,27.88943968,26.41120725,24.48590816,23.00201275,21.60033736,20.70779458,19.1743883,18.18715058,17.2906372,16.11263987,15.46063732,14.58228737,14.12367221,13.3481054,12.70613523,12.68039943,12.38239724,12.58699447,12.5472024,12.50697445,12.31491323,
Early-demographic dividend,EAR,"Mortality rate, infant (per 1,000 live births)",SP.DYN.IMRT.IN,77.54374469,75.5725295,73.81068675,72.0279106,70.80480699,68.44259897,66.58837279,64.72590051,62.87124038,60.85811098,58.96459159,57.02159684,55.08731274,53.2583037,51.54819561,49.58029397,47.82716024,46.10558828,44.63435442,42.84730931,41.34741632,39.64302774,38.06971475,36.55271785,35.04656863,33.71822924,32.44938212,31.28908756,30.22984817,29.24515267,28.29623043,27.3828551,26.55167447,25.73569242,
East Asia & Pacific,EAS,"Mortality rate, infant (per 1,000 live births)",SP.DYN.IMRT.IN,44.5,43.8,42.7,41.6,40.3,39.4,38,36.5,35,33.4,31.6,30,28.4,26.3,25,23.2,21.8,20.5,19.6,18.2,17.3,16.4,15.4,14.7,13.9,13.5,12.7,12.1,12.1,11.8,12,11.9,11.8,11.6,
Europe & Central Asia (excluding high income),ECA,"Mortality rate, infant (per 1,000 live births)",SP.DYN.IMRT.IN,49.94464015,49.09485301,48.5950693,48.02058685,46.89030811,45.77468227,43.84041146,42.15939971,40.12470701,37.98446649,35.70227867,33.60297866,31.53227495,29.47504936,27.75046739,25.92319663,24.22482852,22.71739538,21.26289154,19.86303537,18.70812273,17.55459397,16.45548639,15.63153131,14.80604329,14.18776535,13.52051687,13.08135597,12.73597911,12.46322608,12.15515265,11.91769776,11.74943038,11.88604105,
Europe & Central Asia,ECS,"Mortality rate, infant (per 1,000 live births)",SP.DYN.IMRT.IN,25.7,25.3,25,24.7,24,23.3,22.1,21.1,20.1,18.9,17.6,16.6,15.6,14.7,13.9,13.1,12.3,11.7,11,10.4,9.9,9.4,9,8.7,8.4,8,7.6,7.4,7.2,7,6.9,6.7,6.6,6.6,
Ecuador,ECU,"Mortality rate, infant (per 1,000 live births)",SP.DYN.IMRT.IN,42.6,40.6,38.7,36.8,34.8,32.7,30.7,28.8,27.1,25.5,24.1,23,21.9,21.1,20.3,19.5,18.8,18.1,17.4,16.7,16,15.3,14.6,14,13.4,12.9,12.5,12.2,11.9,11.7,11.5,11.3,11.2,11.1,
"Egypt, Arab Rep.",EGY,"Mortality rate, infant (per 1,000 live births)",SP.DYN.IMRT.IN,67.3,64.5,61.8,59,56,52.9,49.9,47,44.3,41.8,39.6,37.5,35.7,34,32.6,31.2,30,28.8,27.7,26.7,25.6,24.6,23.7,22.8,22,21.2,20.5,19.8,19.1,18.4,17.8,17.2,16.7,16.1,
Euro area,EMU,"Mortality rate, infant (per 1,000 live births)",SP.DYN.IMRT.IN,7.981107153,7.669465359,7.278164136,6.842630556,6.399018109,6.029935504,5.656438128,5.353482347,5.135718802,4.900030745,4.721563189,4.52914851,4.377641606,4.220251274,4.045450634,3.920589331,3.791065736,3.673721422,3.570957566,3.465800382,3.414091208,3.324073002,3.270535348,3.222792632,3.194588679,3.181249453,3.161483841,3.139249722,3.121131239,3.061099214,3.036980228,3.057875678,3.029902302,3.005123012,
Eritrea,ERI,"Mortality rate, infant (per 1,000 live births)",SP.DYN.IMRT.IN,80.3,77.4,74.2,70.8,67.2,63.7,60.5,57.6,55,60.2,50.8,49,47.5,46,44.6,43.3,42.1,40.9,39.8,38.6,37.5,36.5,35.5,34.4,33.4,32.4,31.4,30.6,29.6,28.7,27.9,27.2,26.4,25.5,
Spain,ESP,"Mortality rate, infant (per 1,000 live births)",SP.DYN.IMRT.IN,7.4,7.1,6.7,6.3,5.9,5.5,5.2,4.9,4.7,4.5,4.4,4.2,4.1,4.1,3.9,3.8,3.7,3.6,3.4,3.3,3.2,3,2.9,2.9,2.8,2.7,2.7,2.7,2.7,2.6,2.6,2.6,2.6,2.6,
Estonia,EST,"Mortality rate, infant (per 1,000 live births)",SP.DYN.IMRT.IN,14,13.9,13.7,13.5,13,12.5,11.8,11.1,10.3,9.5,8.8,8.1,7.4,6.8,6.2,5.6,5.1,4.7,4.3,3.9,3.6,3.3,3,2.8,2.6,2.5,2.3,2.2,2,1.9,1.8,1.8,1.7,1.6,
Ethiopia,ETH,"Mortality rate, infant (per 1,000 live births)",SP.DYN.IMRT.IN,126.7,123.9,120.8,117.4,113.8,110,106.2,102.5,99,95.6,92.2,88.7,85.1,81.6,77.9,74.4,70.9,67.7,64.7,61.9,59.3,56.8,54.5,52.2,50.1,48,46,44.2,42.5,41,39.6,38.3,37,35.7,
European Union,EUU,"Mortality rate, infant (per 1,000 live births)",SP.DYN.IMRT.IN,10.08941628,9.650794434,9.17328509,8.702417231,8.249658683,7.763594597,7.294229984,6.873673759,6.532175659,6.192845694,5.904837642,5.626935452,5.428400237,5.250276098,5.044613863,4.872306485,4.657944123,4.457601906,4.301768369,4.147549964,4.004463584,3.85472671,3.759742295,3.657132098,3.58734731,3.529817453,3.469631345,3.412151595,3.347602214,3.258364006,3.219492391,3.213844334,3.186832148,3.170374782,
Fragile and conflict affected situations,FCS,"Mortality rate, infant (per 1,000 live births)",SP.DYN.IMRT.IN,97.67923581,99.58560607,98.83976686,95.40601691,94.18162629,93.34873143,92.00391166,90.33817135,89.70275449,86.40841458,84.17884961,81.86210036,79.33870608,76.96295766,74.78045177,72.41665659,69.754188,67.48863949,65.79818912,64.55231116,62.36296781,62.63234391,59.13627159,57.5271973,57.19745648,56.32939404,55.46583664,54.7335351,52.34952716,51.09041745,49.49719602,48.48978285,48.51540599,45.96866697,
Finland,FIN,"Mortality rate, infant (per 1,000 live births)",SP.DYN.IMRT.IN,5.6,5.3,5.1,4.8,4.5,4.3,4.1,3.9,3.8,3.6,3.5,3.4,3.3,3.2,3.1,3,2.9,2.8,2.7,2.6,2.4,2.3,2.2,2.1,2,2,1.9,1.9,1.9,1.9,1.8,1.8,1.8,1.8,
Fiji,FJI,"Mortality rate, infant (per 1,000 live births)",SP.DYN.IMRT.IN,21.4,20.5,19.8,19.1,18.5,18,17.5,17.2,16.9,16.7,16.6,16.6,16.7,16.8,17.1,17.3,17.4,17.5,17.4,17.1,16.8,16.4,16.1,15.9,16,16.3,17,18,19.2,20.6,21.9,22.9,23.5,23.8,
France,FRA,"Mortality rate, infant (per 1,000 live births)",SP.DYN.IMRT.IN,7.4,7.1,6.7,6.2,5.7,5.3,4.9,4.6,4.4,4.2,4.1,3.9,3.8,3.6,3.5,3.4,3.3,3.2,3.2,3.1,3.1,3.1,3.1,3.1,3.1,3.2,3.2,3.3,3.3,3.3,3.3,3.4,3.4,3.4,
Faroe Islands,FRO,"Mortality rate, infant (per 1,000 live births)",SP.DYN.IMRT.IN,,,,,,,,,,,,,,,,,,,,,,,,,,,,,,,,,,,
"Micronesia, Fed. Sts.",FSM,"Mortality rate, infant (per 1,000 live births)",SP.DYN.IMRT.IN,41.8,40.8,40,39.3,38.6,38,37.2,36.2,35.3,34.3,33.4,32.7,33.9,31.8,31.6,31.5,31.6,31.5,31.2,30.8,30.3,29.7,28.9,28.1,27.3,26.5,25.7,25,24.3,23.6,22.9,22.2,21.5,20.8,
Gabon,GAB,"Mortality rate, infant (per 1,000 live births)",SP.DYN.IMRT.IN,58.9,58.1,57.5,56.9,56.2,55.6,54.9,54.1,53,51.9,50.8,49.5,48.3,46.9,45.6,44.4,43.3,41.8,40.7,40,38.7,37.5,36.4,35.2,34.6,33.5,32.3,31.7,30.7,29.7,28.5,28.1,27.2,26.5,
United Kingdom,GBR,"Mortality rate, infant (per 1,000 live births)",SP.DYN.IMRT.IN,7.9,7.3,6.9,6.5,6.3,6.1,5.9,5.8,5.7,5.6,5.5,5.5,5.4,5.3,5.2,5.1,5,4.9,4.8,4.6,4.4,4.3,4.1,4,3.9,3.9,3.8,3.8,3.8,3.8,3.9,3.9,3.9,4,
Georgia,GEO,"Mortality rate, infant (per 1,000 live births)",SP.DYN.IMRT.IN,38.2,38,37.7,37.3,36.7,36.1,35.2,34.1,32.7,31.1,29.4,27.4,25.4,23.3,21.2,19.2,17.3,15.6,14.1,12.8,11.7,10.8,10.1,9.6,9.2,8.9,8.7,8.5,8.4,8.3,8.2,8.2,8.1,8,
Ghana,GHA,"Mortality rate, infant (per 1,000 live births)",SP.DYN.IMRT.IN,72.6,70.8,69.5,68.7,68.2,67.8,67.4,66.5,65.3,63.7,61.8,59.8,58,56.3,54.8,53.4,52.1,50.7,49.2,47.5,45.7,43.9,42.1,40.5,39.1,37.7,36.4,35.1,33.9,32.6,31.4,30.2,29.2,28.2,
Gibraltar,GIB,"Mortality rate, infant (per 1,000 live births)",SP.DYN.IMRT.IN,,,,,,,,,,,,,,,,,,,,,,,,,,,,,,,,,,,
Guinea,GIN,"Mortality rate, infant (per 1,000 live births)",SP.DYN.IMRT.IN,133.7,130.4,126.9,123.3,119.6,115.8,112.1,108.3,104.6,100.8,97,93.2,89.7,86.6,83.8,81.4,79.3,77.7,76.4,75.3,74.4,73.6,72.9,72.3,72.2,71.6,70.2,69.4,68.5,67.4,66,64.6,63.1,61.5,
"Gambia, The",GMB,"Mortality rate, infant (per 1,000 live births)",SP.DYN.IMRT.IN,99.1,96.5,93.9,91.2,88.6,86,83.3,80.7,78.1,75.6,73.2,70.8,68.4,66.1,63.8,61.6,59.4,57.3,55.4,53.5,51.7,50,48.4,46.8,45.2,43.8,42.3,41,39.7,38.4,37.2,36,34.9,33.8,
Guinea-Bissau,GNB,"Mortality rate, infant (per 1,000 live births)",SP.DYN.IMRT.IN,123.3,121.4,119.4,117.3,115.2,112.9,110.5,107.9,105.5,102.9,100.3,97.5,94.5,91.5,88.3,85,81.5,78,74.5,71.1,67.8,64.6,61.8,59.4,57.2,55.3,53.4,51.7,50,48.3,47,45.7,44.3,43.1,
Equatorial Guinea,GNQ,"Mortality rate, infant (per 1,000 live births)",SP.DYN.IMRT.IN,118.5,118.1,117.7,117.2,116.7,115.9,114.8,113.5,111.6,109.2,106.5,103.4,100.4,97.2,93.9,90.6,87.3,84.1,80.8,77.9,75.1,72.4,69.9,67.6,65.5,63.4,61.3,59.4,57.7,56.1,54.3,52.6,50.9,49.1,
Greece,GRC,"Mortality rate, infant (per 1,000 live births)",SP.DYN.IMRT.IN,9.2,8.7,8.3,8,7.7,7.4,7.1,6.7,6.3,5.9,5.5,5.1,4.8,4.4,4.1,3.9,3.7,3.5,3.4,3.3,3.3,3.4,3.4,3.5,3.6,3.6,3.6,3.6,3.6,3.5,3.4,3.3,3.3,3.2,
Grenada,GRD,"Mortality rate, infant (per 1,000 live births)",SP.DYN.IMRT.IN,18.4,17.7,17,16.3,15.7,15.1,14.6,14.2,13.9,13.6,13.3,13.1,13,12.9,12.9,13,13,13.2,13.3,13.6,13.9,14.2,14.6,15,15.4,15.8,16.1,16.4,16.6,16.8,17,17,16.9,16.7,
Greenland,GRL,"Mortality rate, infant (per 1,000 live births)",SP.DYN.IMRT.IN,,,,,,,,,,,,,,,,,,,,,,,,,,,,,,,,,,,
Guatemala,GTM,"Mortality rate, infant (per 1,000 live births)",SP.DYN.IMRT.IN,60.5,58,55.7,53.4,51.3,49.3,47.4,45.6,43.9,42.3,40.8,39.3,37.9,36.6,35.3,34,32.8,31.6,30.4,29.3,28.2,27.1,26.1,25.1,24.1,23.3,22.5,21.7,21,20.4,19.7,19,18.4,17.9,
Guam,GUM,"Mortality rate, infant (per 1,000 live births)",SP.DYN.IMRT.IN,,,,,,,,,,,,,,,,,,,,,,,,,,,,,,,,,,,
Guyana,GUY,"Mortality rate, infant (per 1,000 live births)",SP.DYN.IMRT.IN,52.6,51.4,50.2,48.9,47.7,46.5,45.4,44.3,43.3,42.3,41.3,40.4,39.5,38.7,37.9,37.2,36.5,35.9,35.2,34.6,33.9,33.3,32.7,32,31.2,30.3,29.5,28.6,27.8,27,26.2,25.3,24.6,23.8,
High income,HIC,"Mortality rate, infant (per 1,000 live births)",SP.DYN.IMRT.IN,11.4,10.9,10.4,10,9.6,9.2,8.8,8.5,8.2,7.8,7.6,7.3,7.1,6.9,6.7,6.4,6.2,6,5.8,5.7,5.5,5.4,5.3,5.1,5,4.9,4.7,4.6,4.4,4.3,4.3,4.2,4.2,4.1,
"Hong Kong SAR, China",HKG,"Mortality rate, infant (per 1,000 live births)",SP.DYN.IMRT.IN,,,,,,,,,,,,,,,,,,,,,,,,,,,,,,,,,,,
Honduras,HND,"Mortality rate, infant (per 1,000 live births)",SP.DYN.IMRT.IN,44.5,42.5,40.7,39.1,37.5,36.1,34.7,33.4,41.2,30.8,29.6,28.4,27.3,26.2,25.1,24.1,23.3,22.4,21.6,20.9,20.2,19.6,19,18.3,17.8,17.2,16.6,16.1,15.6,15.1,14.6,14.1,13.7,13.3,
Heavily indebted poor countries (HIPC),HPC,"Mortality rate, infant (per 1,000 live births)",SP.DYN.IMRT.IN,107.6429995,109.4083986,108.056974,103.5613425,103.7316837,100.2785228,98.49400176,96.54580632,94.40785742,91.69458899,88.70843531,85.50338487,82.17633328,78.93634479,75.93314909,72.84908003,69.7106433,66.99210842,64.52923802,63.48081145,60.92666112,61.03749889,56.84882557,54.72006506,53.33841817,51.66877613,50.226986,49.28790453,47.60382613,46.52901881,44.96384382,43.93506703,44.01048471,41.36005603,
Croatia,HRV,"Mortality rate, infant (per 1,000 live births)",SP.DYN.IMRT.IN,11.2,11.2,9.9,9.5,9,8.6,8.3,8,7.7,7.5,7.2,6.9,6.6,6.6,6.1,5.8,5.5,5.3,5,4.8,4.7,4.5,4.4,4.3,4.2,4.2,4.1,4.1,4,4,4,3.9,3.9,3.9,
Haiti,HTI,"Mortality rate, infant (per 1,000 live births)",SP.DYN.IMRT.IN,98,95.2,92.3,89.5,86.7,83.8,81.1,78.3,75.7,73.1,70.7,68.5,66.5,64.7,63.1,61.7,60.4,59.1,57.9,56.8,78.6,54.6,53.4,52.4,51.2,50,48.7,47.5,46.3,45,43.8,42.5,41.5,40.3,
Hungary,HUN,"Mortality rate, infant (per 1,000 live births)",SP.DYN.IMRT.IN,15.2,14.6,13.7,12.7,11.6,10.9,10.3,9.9,9.5,9.1,8.7,8.1,7.6,7.2,6.8,6.4,6.1,5.8,5.5,5.3,5.1,5,4.8,4.7,4.5,4.2,4,3.7,3.6,3.5,3.4,3.3,3.2,3.2,
IBRD only,IBD,"Mortality rate, infant (per 1,000 live births)",SP.DYN.IMRT.IN,56.92750801,56.45034595,55.41526945,54.21976127,52.94972939,51.59131058,50.1951299,48.76816342,47.28403302,45.71013464,44.05032365,42.56762406,40.88415894,39.1979771,37.58491614,35.75914934,34.05935589,32.34896918,30.75047959,29.28595874,27.94200722,26.64829988,25.07730429,24.03896112,22.64667289,21.88148574,20.89149764,19.89219235,19.5785118,18.90552256,18.59287355,18.14607783,17.75711685,17.3059259,
IDA & IBRD total,IBT,"Mortality rate, infant (per 1,000 live births)",SP.DYN.IMRT.IN,69.4327828,69.83610668,69.1300238,67.75856028,66.89908977,65.47973266,64.22770991,62.84037266,61.57781766,59.6898908,57.73336939,56.01025682,54.06392558,52.18360047,50.3222667,48.36362325,46.49725632,44.6850557,43.07363404,41.69545123,40.24866518,39.33778919,37.25357987,36.16702593,35.06719051,34.30363949,33.2297505,32.40463823,31.78167325,31.10871243,30.7680231,30.33541124,30.1389107,29.13781168,
IDA total,IDA,"Mortality rate, infant (per 1,000 live births)",SP.DYN.IMRT.IN,101.0997376,101.2255193,100.0220831,97.26920712,96.45185493,94.0988599,92.36723556,90.35035959,88.88028625,85.67291754,82.98360157,80.21564059,77.35522657,74.71419469,72.23276959,69.70440882,67.24883446,65.02103168,63.25033246,61.86148518,59.93530266,59.44348304,56.74062233,55.07260396,54.19095931,52.95655383,51.68596459,50.59489119,48.51459415,47.19547761,45.73638444,44.64602032,44.15362808,42.19516034,
IDA blend,IDB,"Mortality rate, infant (per 1,000 live births)",SP.DYN.IMRT.IN,99.02910823,98.54062519,97.99609903,97.42960763,96.70178004,95.67666624,94.41193357,92.79268443,90.99888089,89.06942365,86.94099674,84.8418015,82.48678057,80.41846256,78.29729028,76.25498789,74.31949742,72.50326912,70.73502079,69.2212693,67.7377616,66.47391144,65.06063856,63.7013295,62.34923634,61.01721106,59.73876977,58.41503062,56.89538328,55.44058444,53.92025721,52.43554533,50.99142549,49.54178806,
Indonesia,IDN,"Mortality rate, infant (per 1,000 live births)",SP.DYN.IMRT.IN,64.3,61.7,59.2,56.7,54.2,51.8,49.5,47.3,45.2,43.2,41.3,39.5,37.7,36.1,36.7,33.2,31.8,30.5,29.3,28.2,27.1,26.1,25.1,24.1,23.2,22.3,21.5,20.7,19.9,19.3,18.6,18,17.5,17,
IDA only,IDX,"Mortality rate, infant (per 1,000 live births)",SP.DYN.IMRT.IN,102.2078858,102.6784107,101.1234789,97.1825861,96.3173881,93.2510383,91.26633894,89.03789082,87.74025373,83.83087287,80.82657787,77.6839152,74.53989374,71.57528883,68.9036997,66.08439483,63.2940726,60.78190783,58.93284185,57.56478954,55.34104046,55.29366285,51.85826646,50.03976133,49.45695273,48.33464541,47.15515233,46.25026678,43.92769818,42.75119559,41.37700791,40.50094616,40.53197676,38.31977704,
Isle of Man,IMN,"Mortality rate, infant (per 1,000 live births)",SP.DYN.IMRT.IN,,,,,,,,,,,,,,,,,,,,,,,,,,,,,,,,,,,
India,IND,"Mortality rate, infant (per 1,000 live births)",SP.DYN.IMRT.IN,84.3,82.4,80.6,78.9,77.3,75.6,73.8,72,70.2,68.2,66.3,64.3,62.4,60.5,58.6,56.7,54.8,52.8,50.8,48.7,46.7,44.6,42.5,40.5,38.5,36.6,34.7,33,31.3,29.7,28.2,26.8,25.6,24.5,
Not classified,INX,"Mortality rate, infant (per 1,000 live births)",SP.DYN.IMRT.IN,,,,,,,,,,,,,,,,,,,,,,,,,,,,,,,,,,,
Ireland,IRL,"Mortality rate, infant (per 1,000 live births)",SP.DYN.IMRT.IN,7.6,7.2,6.7,6.4,6.1,6.1,6.1,6.1,6.1,6.1,6,5.8,5.5,5.1,4.7,4.4,4.1,3.9,3.8,3.7,3.6,3.5,3.4,3.3,3.3,3.2,3.1,3,3,3,3.1,3.2,3.3,3.4,
"Iran, Islamic Rep.",IRN,"Mortality rate, infant (per 1,000 live births)",SP.DYN.IMRT.IN,48.6,46.4,44.3,42.5,40.9,39.3,37.8,36.3,34.7,33.1,31.5,29.8,28.1,26.4,24.8,23.3,21.8,20.5,19.2,18.1,17.2,16.4,15.7,15,14.4,13.9,13.5,13,12.5,12.1,11.7,11.4,11,10.7,
Iraq,IRQ,"Mortality rate, infant (per 1,000 live births)",SP.DYN.IMRT.IN,54.8,48.7,43.3,42.7,42.1,41.5,40.9,40.3,39.7,39,38.4,37.7,37,36.4,35.7,35,34.3,33.5,32.7,31.8,30.9,30.1,29.2,28.4,27.5,26.7,25.9,25.1,24.4,23.6,22.9,22.2,21.5,20.8,
Iceland,ISL,"Mortality rate, infant (per 1,000 live births)",SP.DYN.IMRT.IN,5.1,4.9,4.7,4.5,4.4,4.2,4,3.8,3.6,3.4,3.2,3,2.8,2.7,2.6,2.4,2.3,2.3,2.2,2.1,2.1,2,2,2,2,2,2,2,2,2,2,2,2,1.9,
Israel,ISR,"Mortality rate, infant (per 1,000 live births)",SP.DYN.IMRT.IN,9.6,9.2,8.7,8.1,7.6,7.2,6.8,6.4,6.1,5.8,5.6,5.4,5.1,4.9,4.7,4.5,4.3,4.1,3.9,3.8,3.7,3.5,3.4,3.3,3.2,3.1,3.1,3,2.9,2.9,2.8,2.8,2.7,2.7,
Italy,ITA,"Mortality rate, infant (per 1,000 live births)",SP.DYN.IMRT.IN,8.4,8.1,7.7,7.3,6.8,6.4,6,5.6,5.3,5,4.7,4.5,4.3,4.1,3.9,3.8,3.7,3.6,3.5,3.4,3.4,3.3,3.2,3.1,3.1,3,2.9,2.8,2.7,2.6,2.5,2.5,2.4,2.3,
Jamaica,JAM,"Mortality rate, infant (per 1,000 live births)",SP.DYN.IMRT.IN,25.1,24.5,23.9,23.3,22.7,22.1,21.4,20.7,20.1,19.5,18.9,18.5,18.2,18,17.9,17.8,17.9,17.9,17.9,17.9,17.9,17.9,17.8,17.8,17.7,17.6,17.6,17.6,17.7,17.8,18,18.1,18.3,18.3,
Jordan,JOR,"Mortality rate, infant (per 1,000 live births)",SP.DYN.IMRT.IN,30.9,29.9,28.9,28.1,27.2,26.4,25.7,25,24.2,23.5,22.9,22.2,21.6,20.9,20.3,19.7,19.1,18.5,18,17.5,17,16.6,16.2,15.8,15.4,15,14.7,14.3,14,13.6,13.3,12.9,12.6,12.2,
Japan,JPN,"Mortality rate, infant (per 1,000 live births)",SP.DYN.IMRT.IN,4.6,4.5,4.4,4.4,4.3,4.1,4,3.8,3.6,3.4,3.3,3.1,3,2.9,2.8,2.7,2.7,2.6,2.5,2.4,2.4,2.3,2.2,2.2,2.1,2,2,1.9,1.9,1.8,1.8,1.8,1.8,1.8,
Kazakhstan,KAZ,"Mortality rate, infant (per 1,000 live births)",SP.DYN.IMRT.IN,44.5,44.2,44.4,44.9,45.3,45,44,42.5,40.5,38.3,36,33.7,31.7,29.7,27.9,26,24.2,22.3,20.4,18.5,16.7,14.9,13.3,11.7,10.5,9.5,8.8,8.4,8.2,8.1,8,7.9,7.7,7.6,
Kenya,KEN,"Mortality rate, infant (per 1,000 live births)",SP.DYN.IMRT.IN,67.4,69.1,70.4,71.2,71.4,71,70.3,69.4,67.9,66,63.8,61.2,58.3,55.5,52.5,49.4,46.9,44.9,42.4,41.9,41.4,41.1,41.3,40.9,40.1,39.1,38.7,38.5,37.8,37.2,36.9,36.4,35.8,34.7,
Kyrgyz Republic,KGZ,"Mortality rate, infant (per 1,000 live births)",SP.DYN.IMRT.IN,56.6,56.2,56.2,56.4,56.2,55.2,53.5,51.3,48.8,46.4,44,41.7,39.5,37.5,35.7,34.1,32.6,31,29.3,27.4,25.7,24,22.7,21.5,20.4,19.4,18.4,17.5,16.7,16.1,15.6,15.3,15.1,14.9,
Cambodia,KHM,"Mortality rate, infant (per 1,000 live births)",SP.DYN.IMRT.IN,88.4,89.1,90.1,91.6,93.2,94.8,95.7,95.8,94.8,92,86.7,79.4,71.8,65,59.3,54.5,50.5,47.1,43.8,40.6,37.7,35.1,32.8,30.8,29.1,27.7,26.5,25.4,24.4,23.5,22.6,21.9,21.1,20.3,
Kiribati,KIR,"Mortality rate, infant (per 1,000 live births)",SP.DYN.IMRT.IN,68.7,65.9,63.3,60.9,58.9,57.1,55.4,53.8,52.2,50.6,49.1,47.7,46.5,45.6,44.9,44.4,44,43.5,43,42.5,42.1,41.8,41.7,41.7,41.9,42.2,42.6,42.8,42.8,42.4,41.9,41.3,40.6,39.7,
St. Kitts and Nevis,KNA,"Mortality rate, infant (per 1,000 live births)",SP.DYN.IMRT.IN,25.3,24.7,24.2,23.8,23.5,23.1,22.7,22.2,21.6,20.9,20.2,19.4,18.6,17.9,17.3,16.8,16.4,16.2,16.1,16.1,16.1,16.3,16.5,16.7,16.9,16.9,16.7,16.5,16.2,15.9,15.5,15.1,14.7,14.3,
"Korea, Rep.",KOR,"Mortality rate, infant (per 1,000 live births)",SP.DYN.IMRT.IN,12.1,11.2,10.3,9.5,8.8,8.1,7.5,7,6.6,6.2,5.8,5.5,5.3,5,4.7,4.4,4.1,3.8,3.6,3.4,3.3,3.2,3.1,3,2.9,2.9,2.8,2.7,2.7,2.6,2.5,2.4,2.4,2.3,
Kuwait,KWT,"Mortality rate, infant (per 1,000 live births)",SP.DYN.IMRT.IN,14.5,13.8,13.2,12.8,12.4,12.2,11.9,11.5,11.2,10.9,10.6,10.5,10.3,10.2,10,9.9,9.8,9.6,9.5,9.3,9.1,8.8,8.5,8.2,8,7.8,7.7,7.6,7.6,7.6,7.7,7.6,7.6,7.6,
Latin America & Caribbean (excluding high income),LAC,"Mortality rate, infant (per 1,000 live births)",SP.DYN.IMRT.IN,46.26774625,44.39876909,42.43120939,40.46339086,38.52417137,36.59245253,34.76379141,32.95135771,31.53071517,29.72700094,28.25513595,26.89445282,25.56820483,24.41670806,23.33709309,22.3084513,21.40419332,20.57502684,19.7585239,19.05062819,19.03181996,17.74837541,17.20312924,16.69583261,16.19789201,15.7977821,15.82794209,15.11060759,14.76794079,14.49132909,14.2127372,13.92157828,13.65106863,13.36826189,
Lao PDR,LAO,"Mortality rate, infant (per 1,000 live births)",SP.DYN.IMRT.IN,113.4,110.7,108.1,105.3,102.6,99.9,97.2,94.6,92.1,89.5,86.8,84.1,81.3,78.4,75.6,72.7,69.8,66.9,64.1,61.3,58.7,56.1,53.7,51.4,49.2,47.1,45.2,43.5,41.9,40.4,39,37.7,36.4,35.2,
Lebanon,LBN,"Mortality rate, infant (per 1,000 live births)",SP.DYN.IMRT.IN,28.1,26.8,25.5,24.4,23.3,22.3,21.3,20.3,19.4,18.5,17.6,16.6,15.7,14.9,14.1,13.4,12.7,12.2,11.7,11.4,11.1,11,10.9,10.9,11,11.2,11.4,11.8,12.3,12.8,13.5,14.3,15.1,16,
Liberia,LBR,"Mortality rate, infant (per 1,000 live births)",SP.DYN.IMRT.IN,169.6,170.9,170.5,168.2,164.5,159.4,153.5,146.7,139.5,131.9,123.9,116,108.2,100.8,93.9,87.9,82.8,78.7,75.5,72.9,70.8,69,67.3,65.7,66.5,63.3,61.8,60.6,59.4,58.2,56.8,55.4,53.9,52.6,
Libya,LBY,"Mortality rate, infant (per 1,000 live births)",SP.DYN.IMRT.IN,31.6,30,28.6,27.3,26.2,25.2,24.3,23.5,22.8,22.1,21.5,20.9,20.3,19.6,18.8,17.9,16.8,15.7,14.7,13.8,13,13.9,11.9,11.4,11,10.6,10.2,9.8,9.5,9.2,9,8.7,8.4,15.9,
St. Lucia,LCA,"Mortality rate, infant (per 1,000 live births)",SP.DYN.IMRT.IN,17.3,17,16.8,16.6,16.4,16.3,16.2,16.1,16,16,15.9,15.9,15.9,15.9,16,16,16,16.1,16.1,16.1,16,16,15.9,15.9,15.8,15.6,15.5,15.4,15.2,15,14.8,14.6,14.4,14.3,
Latin America & Caribbean,LCN,"Mortality rate, infant (per 1,000 live births)",SP.DYN.IMRT.IN,43.9,42.2,40.3,38.5,36.7,34.9,33.2,31.5,30.1,28.5,27.1,25.8,24.6,23.5,22.4,21.5,20.6,19.8,19.1,18.4,18.4,17.3,16.8,16.3,15.9,15.6,15.8,15.2,14.9,14.6,14.3,14.1,13.8,13.5,
Least developed countries: UN classification,LDC,"Mortality rate, infant (per 1,000 live births)",SP.DYN.IMRT.IN,107.9933413,108.5562596,106.9211262,102.7105175,101.8082425,98.57228207,96.46072995,94.11711368,92.70413533,88.71918374,85.55135774,82.30106789,78.99152914,75.83987148,72.90844446,69.95982421,66.95611272,64.30093515,62.32812771,60.71903804,58.33535839,58.18037116,54.37618823,52.31773567,51.55276633,50.2520222,48.95035444,47.94543299,45.5085859,44.31253676,42.87311988,41.94776124,41.95062304,39.66168377,
Low income,LIC,"Mortality rate, infant (per 1,000 live births)",SP.DYN.IMRT.IN,109.3,111.7,110.5,105,105,102.1,100.1,98.1,97.5,92.9,90,86.8,83.6,79.8,77,74,70.7,67.8,65.1,64.4,61.5,62.4,57.8,55.7,55.4,54.2,53,52.2,49.2,47.9,46.3,45.3,45.8,42.8,
Liechtenstein,LIE,"Mortality rate, infant (per 1,000 live births)",SP.DYN.IMRT.IN,,,,,,,,,,,,,,,,,,,,,,,,,,,,,,,,,,,
Sri Lanka,LKA,"Mortality rate, infant (per 1,000 live births)",SP.DYN.IMRT.IN,17.9,18,17.9,17.5,16.9,16.3,15.6,14.8,14.1,13.5,13,12.7,12.4,12.1,16.7,11.2,10.7,10.2,9.7,13,9.1,8.9,8.5,8.1,7.7,7.4,7,6.7,6.5,6.2,6,5.8,5.5,5.3,
Lower middle income,LMC,"Mortality rate, infant (per 1,000 live births)",SP.DYN.IMRT.IN,84.7,83.1,81.6,80.1,78.7,77.2,75.7,73.9,72.1,70.2,68.1,66,63.9,61.9,60,58.1,56.3,54.5,52.9,51.1,49.6,47.9,46.3,44.7,43.3,41.8,40.5,39.3,38,36.8,35.6,34.6,33.5,32.6,
Low & middle income,LMY,"Mortality rate, infant (per 1,000 live births)",SP.DYN.IMRT.IN,69.785444,70.15471447,69.32586976,67.83588099,66.98242168,65.65392804,64.38944786,62.98711296,61.74322944,59.82253986,57.8669083,56.16342742,54.24067178,52.30163117,50.46837689,48.51250605,46.6730089,44.91098959,43.34363951,41.99111586,40.54221149,39.6373032,37.52915821,36.44107971,35.34305674,34.58747933,33.47998039,32.62108058,31.99090936,31.29014237,30.95929837,30.53114142,30.34779356,29.33264732,
Lesotho,LSO,"Mortality rate, infant (per 1,000 live births)",SP.DYN.IMRT.IN,74.5,73.9,73.8,74.4,75.3,75.9,76.3,76.4,76.7,77.4,78,78.3,78.5,79.2,80.2,81.4,81.7,80.2,83.1,78.3,76.1,73.3,73.1,72.8,71.2,69.3,68.3,68.2,64.9,63.3,61.2,59.8,57.6,55.4,
Late-demographic dividend,LTE,"Mortality rate, infant (per 1,000 live births)",SP.DYN.IMRT.IN,40.69484528,39.71081495,38.81429001,37.74370909,36.42858171,35.495527,34.03009662,32.51662205,30.89522202,29.239999,27.64158798,25.76941993,23.97508475,21.91031812,20.34799023,18.82617139,17.49067737,16.19652503,15.10112823,14.15208929,13.23540217,12.43355071,11.60144056,10.9790119,10.31513263,9.791860982,9.319195938,8.729975858,8.425716887,8.16102174,8.01259747,7.849044025,7.743271681,7.570660229,
Lithuania,LTU,"Mortality rate, infant (per 1,000 live births)",SP.DYN.IMRT.IN,12,13.2,14.1,14.2,13.4,12,10.7,9.8,9.3,8.9,8.6,8.2,7.9,7.7,7.5,7.3,7,6.5,6,5.4,4.9,4.5,4.3,4.2,4.2,4.1,4,3.8,3.5,3.3,3.1,3,2.9,2.8,
Luxembourg,LUX,"Mortality rate, infant (per 1,000 live births)",SP.DYN.IMRT.IN,7.3,6.9,6.5,6.1,5.7,5.3,5,4.7,4.4,4.1,3.9,3.7,3.5,3.3,3.1,2.9,2.7,2.6,2.5,2.4,2.4,2.3,2.3,2.2,2.2,2.2,2.1,2.1,2.1,2.1,2.1,2.1,2,2,
Latvia,LVA,"Mortality rate, infant (per 1,000 live births)",SP.DYN.IMRT.IN,13.2,14.3,15.2,15.7,15.9,15.8,15.3,14.4,13.4,12.5,11.6,10.8,10.3,9.7,9.2,8.6,8.1,7.7,7.3,6.9,6.5,6,5.5,5,4.6,4.3,4,3.7,3.6,3.4,3.2,2.9,2.7,2.5,
"Macao SAR, China",MAC,"Mortality rate, infant (per 1,000 live births)",SP.DYN.IMRT.IN,,,,,,,,,,,,,,,,,,,,,,,,,,,,,,,,,,,
St. Martin (French part),MAF,"Mortality rate, infant (per 1,000 live births)",SP.DYN.IMRT.IN,,,,,,,,,,,,,,,,,,,,,,,,,,,,,,,,,,,
Morocco,MAR,"Mortality rate, infant (per 1,000 live births)",SP.DYN.IMRT.IN,65.1,62.8,60.6,58.5,56.4,54.4,52.4,50.5,48.7,46.9,45.2,43.5,41.9,40.2,38.5,36.7,34.9,33.1,31.4,29.7,28.2,26.7,25.3,24,22.7,21.6,20.5,19.6,18.7,18,17.3,16.6,16,15.5,
Monaco,MCO,"Mortality rate, infant (per 1,000 live births)",SP.DYN.IMRT.IN,6.3,6.1,5.8,5.5,5.3,5.1,4.9,4.7,4.5,4.4,4.2,4.1,4,3.8,3.7,3.7,3.6,3.5,3.4,3.3,3.3,3.2,3.1,3,3,2.9,2.8,2.7,2.6,2.6,2.5,2.4,2.3,2.3,
Moldova,MDA,"Mortality rate, infant (per 1,000 live births)",SP.DYN.IMRT.IN,29.1,29.5,30.4,31.7,33,33.8,34,33.5,32.1,30.2,27.9,25.4,23,21,19.3,18,17.2,16.5,16,15.6,15.3,15.1,14.8,14.6,14.4,14.2,14,13.9,13.8,13.7,13.7,13.6,13.6,13.5,
Madagascar,MDG,"Mortality rate, infant (per 1,000 live births)",SP.DYN.IMRT.IN,91.1,88.5,86.1,83.8,81.5,79.1,76.6,73.8,71,68.3,65.5,63,60.6,58.3,56.2,54.2,52.3,50.4,48.8,47.4,46.2,45.2,44.6,44.1,43.9,43.8,43.8,43.9,44.2,44.5,44.7,44.9,44.7,44.2,
Maldives,MDV,"Mortality rate, infant (per 1,000 live births)",SP.DYN.IMRT.IN,71.8,68,64.2,60.5,56.7,52.8,48.9,45.1,41.2,37.3,33.5,29.8,26.5,23.4,21.8,18.6,16.7,15.2,13.9,12.8,11.9,11.1,10.4,9.8,9.1,8.5,8,7.4,6.9,6.4,6,5.6,5.3,5,
"Middle East, North Africa, Afghanistan & Pakistan",MEA,"Mortality rate, infant (per 1,000 live births)",SP.DYN.IMRT.IN,54.5,52.3,50.1,48.5,46.9,45.4,43.7,42.2,40.6,38.9,37.3,35.7,34.2,32.8,31.4,30.1,28.8,27.5,26.3,25.3,24.4,23.6,23.1,22.5,21.7,21.2,20.5,20.1,19.8,19.4,19,18.6,18.1,17.8,
Mexico,MEX,"Mortality rate, infant (per 1,000 live births)",SP.DYN.IMRT.IN,37.8,36.1,34.5,32.9,31.4,30,28.6,27.3,26.1,24.9,23.7,22.7,21.7,20.8,20,19.2,18.5,17.9,17.3,16.8,16.2,15.7,15.2,14.8,14.3,13.9,13.5,13,12.6,12.2,11.8,11.5,11.1,10.8,
Marshall Islands,MHL,"Mortality rate, infant (per 1,000 live births)",SP.DYN.IMRT.IN,37,35.7,34.6,33.6,32.9,32.6,32.5,32.7,33.1,33.4,33.7,33.8,33.8,33.7,33.5,33.3,33,32.8,32.5,32.2,32,31.7,31.2,30.7,30,29.3,28.7,27.9,27.2,26.5,25.8,25,24.3,23.5,
Middle income,MIC,"Mortality rate, infant (per 1,000 live births)",SP.DYN.IMRT.IN,66.29193843,66.10273833,65.14328439,63.9835288,62.83284976,61.52495794,60.17953812,58.71310254,57.21093876,55.55475146,53.68197946,52.07617418,50.2384893,48.46961061,46.68886466,44.79804027,43.09670693,41.43587461,39.97981936,38.41729136,37.15606858,35.80043275,34.16133976,33.15573769,31.82301223,31.01449206,29.85040614,28.84241585,28.49837583,27.771528,27.5158032,27.0537465,26.5608532,25.97158496,
North Macedonia,MKD,"Mortality rate, infant (per 1,000 live births)",SP.DYN.IMRT.IN,33.3,31.2,29.7,28.1,25.5,21.9,18.9,17.2,16.3,15.4,14.2,13.2,12.7,12.7,12.6,12.2,11.5,10.9,10.3,9.7,9.2,8.9,9,9.4,9.8,9.9,9.5,8.5,7.2,6.1,5.2,4.4,3.6,2.8,
Mali,MLI,"Mortality rate, infant (per 1,000 live births)",SP.DYN.IMRT.IN,124.2,122.2,120.4,118.7,117.1,115.4,113.4,111.2,108.7,105.9,102.8,99.7,96.5,93.4,90.5,87.8,85.4,83.2,81.1,79.1,77.3,75.5,73.9,72.3,70.8,69.4,68,66.6,65.1,63.7,62.1,60.5,59,57.6,
Malta,MLT,"Mortality rate, infant (per 1,000 live births)",SP.DYN.IMRT.IN,10,9.6,9.3,8.9,8.6,8.2,7.9,7.6,7.2,6.9,6.7,6.5,6.3,6.2,6.1,6.1,6,6,6,6,6,6,6,5.9,5.9,5.8,5.7,5.6,5.5,5.4,5.2,5.1,5,4.8,
Myanmar,MMR,"Mortality rate, infant (per 1,000 live births)",SP.DYN.IMRT.IN,90.6,89,87.4,85.7,84,82.3,80.6,78.8,77.2,75.5,73.9,72.3,70.5,68.8,66.9,65,62.9,60.8,70.8,56.4,54.2,52.1,50,48.1,46.3,44.6,43.1,41.6,40.2,38.9,37.6,36.4,35.2,34.1,
"Middle East, North Africa, Afghanistan & Pakistan (excluding high income)",MNA,"Mortality rate, infant (per 1,000 live births)",SP.DYN.IMRT.IN,81.25104934,79.40202635,77.79448992,76.68012152,75.65351248,74.28747783,72.68997269,70.82747841,68.87558392,67.00629621,65.079768,62.92649114,60.97324304,59.32193165,57.39642759,55.66289177,54.14887732,52.61819577,51.18088421,49.86737091,48.42918155,46.9937335,45.60010165,44.11582917,42.70474717,41.47664008,40.3161306,39.33558612,38.73241011,37.94337514,36.9738972,36.11158035,35.1385329,34.12077341,
Montenegro,MNE,"Mortality rate, infant (per 1,000 live births)",SP.DYN.IMRT.IN,14.8,14.2,13.8,13.6,13.5,13.5,13.5,13.5,13.3,13.1,12.7,12.2,11.5,10.8,10.1,9.3,8.5,7.8,7,6.3,5.7,5.1,4.6,4.2,3.8,3.5,3.2,3,2.8,2.6,2.5,2.3,2.2,2.1,
Mongolia,MNG,"Mortality rate, infant (per 1,000 live births)",SP.DYN.IMRT.IN,73.5,71.2,69,67,64.8,62.5,60,57.2,54.1,50.8,47.4,44,40.6,37.4,34.4,31.5,28.9,26.6,24.4,22.5,20.8,19.4,18.2,17.3,16.5,15.7,15,14.2,13.5,12.8,12.2,11.8,11.6,11.4,
Northern Mariana Islands,MNP,"Mortality rate, infant (per 1,000 live births)",SP.DYN.IMRT.IN,,,,,,,,,,,,,,,,,,,,,,,,,,,,,,,,,,,
Mozambique,MOZ,"Mortality rate, infant (per 1,000 live births)",SP.DYN.IMRT.IN,146.7,145.6,144,142,139.1,135.3,130.5,125,118.8,112.4,106.1,100.1,94.5,89.5,84.6,80.2,75.7,69.7,67,63.7,63.5,59.7,57.5,56.1,54.8,53.8,52.9,51.5,50.6,49.7,49.1,47.7,46.5,45.4,
Mauritania,MRT,"Mortality rate, infant (per 1,000 live births)",SP.DYN.IMRT.IN,72.7,72.4,72.4,72.5,72.7,72.8,72.7,72.2,71.3,69.7,67.6,64.9,61.8,58.4,55,51.8,49,46.7,44.8,43.4,42.4,41.5,40.8,40.1,39.3,38.5,37.6,36.7,35.8,34.8,33.8,32.9,32,31,
Mauritius,MUS,"Mortality rate, infant (per 1,000 live births)",SP.DYN.IMRT.IN,19.9,18.9,18.4,18.4,18.8,19.4,19.8,19.7,19,17.8,16.6,15.4,14.6,14.1,13.8,13.6,13.5,13.4,13.2,13,13,13.1,13.2,13.1,13,13,13,13.2,13.6,13.9,14.1,14,13.8,13.5,
Malawi,MWI,"Mortality rate, infant (per 1,000 live births)",SP.DYN.IMRT.IN,133.1,129.5,125.5,121.6,118.2,115.1,113.2,111.4,109.1,105.5,100.2,93.1,85.1,77.2,70.2,65.1,61.9,59.9,57.3,55.5,53.6,49.9,46.6,43.6,41.4,39.3,37.6,36.1,34.5,33.6,32.3,31.4,30.5,29.4,
Malaysia,MYS,"Mortality rate, infant (per 1,000 live births)",SP.DYN.IMRT.IN,12.7,12.1,11.6,11.1,10.6,10.2,9.9,9.4,8.9,8.3,7.7,7.2,6.9,6.7,6.6,6.5,6.5,6.5,6.5,6.5,6.5,6.5,6.5,6.5,6.6,6.6,6.7,6.7,6.7,6.7,6.7,6.7,6.7,6.8,
North America,NAC,"Mortality rate, infant (per 1,000 live births)",SP.DYN.IMRT.IN,9.1,8.9,8.5,8.3,8,7.7,7.5,7.3,7.2,7.1,7,6.9,6.8,6.8,6.7,6.6,6.6,6.5,6.4,6.2,6.1,6,5.9,5.8,5.7,5.7,5.6,5.5,5.5,5.4,5.4,5.4,5.4,5.4,
Namibia,NAM,"Mortality rate, infant (per 1,000 live births)",SP.DYN.IMRT.IN,56.1,54.7,53.5,52.4,51.5,50.8,50.1,49.6,48.7,47.5,45.9,44.5,43.5,42.6,41.5,38.4,36.8,38.4,40.7,43.1,42.7,44.4,48,47.6,46.9,47.5,47.6,46.3,45.7,44.6,43.1,41.6,39.7,38.4,
New Caledonia,NCL,"Mortality rate, infant (per 1,000 live births)",SP.DYN.IMRT.IN,,,,,,,,,,,,,,,,,,,,,,,,,,,,,,,,,,,
Niger,NER,"Mortality rate, infant (per 1,000 live births)",SP.DYN.IMRT.IN,146.6,144.6,141.7,138,133.4,128.4,123.5,119.1,115,111.3,107.7,103.6,99,94.1,89.3,84.8,80.7,77.2,74.5,72.3,70.9,69.9,69.4,69.2,69.1,69.3,69.3,69.4,69.4,69.5,69.4,69,68.3,67.4,
Nigeria,NGA,"Mortality rate, infant (per 1,000 live births)",SP.DYN.IMRT.IN,105.5,105.7,105.8,105.9,105.8,105.4,104.7,103.4,101.6,99.5,97.1,94.6,91.9,89.1,86.4,83.7,81.2,79,77.1,75.4,74,73,72,71.4,70.8,70.2,69.5,68.6,67.4,66.1,64.7,63.2,61.6,60.1,
Nicaragua,NIC,"Mortality rate, infant (per 1,000 live births)",SP.DYN.IMRT.IN,52.9,50.5,48.1,45.7,43.3,41,38.8,36.6,37.3,32.6,30.8,29.2,27.6,26.2,24.9,23.6,22.5,21.4,20.4,19.4,18.5,17.6,16.8,16,15.3,14.6,13.9,13.3,12.7,12.1,11.6,11.1,10.7,10.3,
Netherlands,NLD,"Mortality rate, infant (per 1,000 live births)",SP.DYN.IMRT.IN,6.8,6.5,6.3,6.1,5.9,5.7,5.5,5.4,5.3,5.2,5.1,5,4.9,4.8,4.6,4.4,4.3,4.1,4,3.9,3.8,3.7,3.6,3.6,3.5,3.5,3.5,3.5,3.5,3.5,3.5,3.5,3.5,3.5,
Norway,NOR,"Mortality rate, infant (per 1,000 live births)",SP.DYN.IMRT.IN,7,6.4,5.9,5.4,4.9,4.6,4.4,4.2,4.1,4,3.9,3.8,3.7,3.6,3.4,3.3,3.2,3,2.9,2.8,2.7,2.6,2.4,2.4,2.3,2.2,2.1,2.1,2,2,1.9,1.9,1.9,1.9,
Nepal,NPL,"Mortality rate, infant (per 1,000 live births)",SP.DYN.IMRT.IN,101.2,96.6,92.1,87.8,83.6,79.7,75.9,72.2,68.6,65.1,61.8,58.8,55.9,53.3,50.9,48.8,46.9,45.1,43.4,41.8,40.2,38.7,37.1,35.6,34.1,32.6,31.2,29.9,28.5,27.3,26.1,25.1,24.2,23.3,
Nauru,NRU,"Mortality rate, infant (per 1,000 live births)",SP.DYN.IMRT.IN,59.2,56.5,54,51.4,49,46.8,44.7,42.7,40.9,39.1,37.5,36.1,34.7,33.4,32.3,31.2,30.1,28.9,27.5,26,24.4,22.7,21,19.3,17.7,16.2,14.8,13.5,12.3,11.2,10.3,9.5,8.8,8.3,
New Zealand,NZL,"Mortality rate, infant (per 1,000 live births)",SP.DYN.IMRT.IN,9.1,8.6,8.2,7.8,7.4,7.1,6.9,6.6,6.4,6.2,6,5.9,5.8,5.7,5.5,5.5,5.4,5.3,5.3,5.2,5.2,5.1,5,4.9,4.8,4.7,4.6,4.5,4.4,4.3,4.2,4.2,4.1,4,
OECD members,OED,"Mortality rate, infant (per 1,000 live births)",SP.DYN.IMRT.IN,18.16139681,17.39206317,16.64751188,16.0252493,15.32049212,14.63491801,13.88634366,13.23338682,12.62584403,12.02007502,11.3478682,10.87596278,10.41839957,9.955350803,9.532442395,9.187719655,8.782419321,8.431977899,8.114321444,7.857830032,7.554930944,7.337064637,7.120615976,6.965271318,6.75271599,6.587360773,6.395393256,6.237471485,6.140742107,6.008593112,5.904784458,5.801346348,5.712648987,5.756001953,
Oman,OMN,"Mortality rate, infant (per 1,000 live births)",SP.DYN.IMRT.IN,31.3,28.4,25.8,23.4,21.3,19.5,17.9,16.6,15.4,14.3,13.3,12.5,11.8,11.2,10.8,10.4,10.1,9.9,9.8,9.6,9.5,9.4,9.3,9.2,9.1,9.1,9,8.9,8.8,8.7,8.6,8.6,8.5,8.4,
Other small states,OSS,"Mortality rate, infant (per 1,000 live births)",SP.DYN.IMRT.IN,64.36482787,63.7617032,62.23540515,61.41013477,60.99510285,61.16277095,60.06215483,59.24642286,59.30284867,59.46474727,49.09519093,48.51686161,47.54323565,46.45698386,44.92500438,43.40700765,40.59899487,39.38567347,38.40475904,36.87021305,35.45698951,34.12042691,33.2918503,32.6941815,32.00083528,30.84936869,29.6168969,29.06000932,28.12125846,27.62339693,26.97652611,26.24182773,25.85974,25.21932056,
Pakistan,PAK,"Mortality rate, infant (per 1,000 live births)",SP.DYN.IMRT.IN,112.7,110.8,108.7,106.5,104.2,101.7,99.1,96.4,93.9,91.4,89.1,87,85,83.4,81.8,80.4,79,77.7,76.3,74.8,73.2,71.6,69.8,67.9,66,64.1,62.2,60.3,58.5,56.8,55.1,53.4,51.8,50.1,
Panama,PAN,"Mortality rate, infant (per 1,000 live births)",SP.DYN.IMRT.IN,23.9,23.4,22.9,22.6,22.3,22,21.8,21.5,21.2,20.8,20.3,19.7,19,18.4,17.8,17.2,16.6,16.1,15.6,15.1,14.7,14.3,14.1,13.9,13.7,13.6,13.5,13.4,13.1,12.7,12.2,11.6,11.1,10.6,
Peru,PER,"Mortality rate, infant (per 1,000 live births)",SP.DYN.IMRT.IN,59.7,57,54.1,51.1,47.9,44.6,41.3,38.1,35.1,32.4,29.9,27.7,25.8,24.1,22.7,21.4,20.3,19.3,18.3,17.5,16.8,16.2,15.7,15.3,15,14.7,14.5,14.4,14.3,14.2,14.1,14,13.8,13.5,
Philippines,PHL,"Mortality rate, infant (per 1,000 live births)",SP.DYN.IMRT.IN,38.6,36.5,34.8,33.2,31.9,30.8,29.8,29,28.3,27.7,27.3,26.8,26.4,25.9,25.5,25,24.5,24.1,23.8,23.4,23.1,22.8,22.6,22.4,22.3,22.2,22.3,22.4,22.6,22.7,22.8,22.7,22.4,22.1,
Palau,PLW,"Mortality rate, infant (per 1,000 live births)",SP.DYN.IMRT.IN,29.8,29.3,28.7,28.1,27.3,26.5,25.7,24.8,24,23.1,22.3,21.5,20.8,20.1,19.3,18.6,18,17.5,17.1,16.8,16.6,16.6,16.8,17.1,17.6,18.2,18.8,19.4,19.8,19.9,19.9,19.7,19.5,19.1,
Papua New Guinea,PNG,"Mortality rate, infant (per 1,000 live births)",SP.DYN.IMRT.IN,65.1,64.1,63,62,61.1,60.2,59.3,58.4,57.6,56.8,56,55.2,54.3,53.4,52.4,51.4,50.4,49.3,48.2,47.1,45.9,44.8,43.7,42.6,41.5,40.4,39.3,38.2,37.1,36.1,35.1,34.1,33,32,
Poland,POL,"Mortality rate, infant (per 1,000 live births)",SP.DYN.IMRT.IN,15.2,14.8,14.4,13.9,13.3,12.5,11.5,10.4,9.5,8.7,8.1,7.6,7.3,7,6.7,6.5,6.3,6,5.7,5.4,5.1,4.9,4.7,4.5,4.3,4.2,4.1,4,3.9,3.8,3.8,3.8,3.7,3.7,
Pre-demographic dividend,PRE,"Mortality rate, infant (per 1,000 live births)",SP.DYN.IMRT.IN,104.9143653,106.7777874,105.9779481,102.4618186,101.1971708,100.2215399,98.91563177,97.26375142,96.49470372,92.91425757,90.21576337,87.31622799,84.24066598,81.16926334,78.29032665,75.31257794,72.29259096,69.73700795,67.40383798,66.27685797,63.76699532,63.94135675,60.43790487,58.67978452,58.10583152,57.0223617,55.93382599,54.99648593,52.55551841,51.28178381,49.71860764,48.63012238,48.42898918,45.9338672,
Puerto Rico (US),PRI,"Mortality rate, infant (per 1,000 live births)",SP.DYN.IMRT.IN,,,,,,,,,,,,,,,,,,,,,,,,,,,,,,,,,,,
"Korea, Dem. People's Rep.",PRK,"Mortality rate, infant (per 1,000 live births)",SP.DYN.IMRT.IN,32,32.7,33.2,33.4,33.3,64.3,63.4,62.3,61.4,60.4,59.4,58.6,57.7,27.3,26.8,26.3,25.9,25.6,24.7,23.9,22.9,21.7,20.6,19.3,18.2,17.2,16.5,15.4,14.8,14.3,14.1,14.1,14.3,14.5,
Portugal,PRT,"Mortality rate, infant (per 1,000 live births)",SP.DYN.IMRT.IN,11.5,10.6,9.7,8.8,8.1,7.5,7,6.6,6.3,5.9,5.5,5.1,4.7,4.3,3.9,3.7,3.4,3.3,3.2,3.1,3,3,3,2.9,2.9,2.9,2.9,2.9,2.9,2.8,2.7,2.7,2.6,2.6,
Paraguay,PRY,"Mortality rate, infant (per 1,000 live births)",SP.DYN.IMRT.IN,37.7,36.4,35.2,34.1,33,32.1,31.3,30.6,29.9,29.3,28.7,28.1,27.6,27,26.4,25.8,25.2,24.6,23.9,23.3,22.7,22,21.4,20.8,20.2,19.5,18.9,18.3,17.7,17.2,16.7,16.2,15.6,15.1,
West Bank and Gaza,PSE,"Mortality rate, infant (per 1,000 live births)",SP.DYN.IMRT.IN,39,37.2,35.6,34.1,32.7,31.5,30.3,29.2,28.2,27.2,26.4,25.5,24.8,24,23.3,22.6,21.8,21.1,20.4,19.7,19,18.4,17.7,17.1,17.6,15.8,15.2,14.7,14.1,13.6,13.2,12.8,12.3,14.3,
Pacific island small states,PSS,"Mortality rate, infant (per 1,000 live births)",SP.DYN.IMRT.IN,27.81380219,26.91224144,26.11126765,25.33251143,24.64811663,24.06710555,23.51369977,23.09282154,22.6487639,22.25354197,21.91124594,21.60856684,21.45322405,21.14418723,21.11197304,21.0340245,20.98978778,20.84922932,20.65219819,20.5331515,20.02966863,19.69967789,19.35588946,19.068864,18.89969476,18.80684402,18.90499215,19.02652947,19.16269718,19.39661725,19.41729025,19.38753688,19.22147548,18.95969567,
Post-demographic dividend,PST,"Mortality rate, infant (per 1,000 live births)",SP.DYN.IMRT.IN,9.032495867,8.684997917,8.406173376,8.026440691,7.59147139,7.270129399,6.962296206,6.692536154,6.454091441,6.236582972,6.058743163,5.886562888,5.788353325,5.661684792,5.518361431,5.432472404,5.328873332,5.205159332,5.089738532,4.954080003,4.791923529,4.680746666,4.578992222,4.502636866,4.409745252,4.360239977,4.283732689,4.21335019,4.188882495,4.122003093,4.10139169,4.096414774,4.090825934,4.07979129,
French Polynesia,PYF,"Mortality rate, infant (per 1,000 live births)",SP.DYN.IMRT.IN,,,,,,,,,,,,,,,,,,,,,,,,,,,,,,,,,,,
Qatar,QAT,"Mortality rate, infant (per 1,000 live births)",SP.DYN.IMRT.IN,17.4,16.3,15.2,14.3,13.5,12.8,12.2,11.7,11.2,10.8,10.4,10,9.6,9.3,9,8.7,8.4,8.1,7.9,7.7,7.5,7.3,7.1,6.9,6.7,6.4,6.2,5.9,5.6,5.4,5.2,5.1,5,4.9,
Romania,ROU,"Mortality rate, infant (per 1,000 live births)",SP.DYN.IMRT.IN,24.6,23.4,22.6,22.3,22.3,22.2,21.9,21.3,20.2,19.1,18.1,17.4,17,16.9,16.5,15.5,14.2,12.9,11.9,11.1,10.5,10,9.5,8.9,8.3,7.7,7.1,6.5,6,5.6,5.4,5.3,5.4,5.4,
Russian Federation,RUS,"Mortality rate, infant (per 1,000 live births)",SP.DYN.IMRT.IN,17.5,17.4,17.5,17.7,17.8,17.7,17.5,17.2,16.8,16.2,15.6,14.8,13.8,12.9,11.9,11,10.2,9.5,9,8.6,8.3,8.1,7.9,7.6,7.2,6.6,6.1,5.6,5.1,4.7,4.4,4.1,3.9,3.7,
Rwanda,RWA,"Mortality rate, infant (per 1,000 live births)",SP.DYN.IMRT.IN,86.4,91.6,100.4,110.7,212.2,125.7,128,128,124.3,117.2,107.9,98,88.3,79.5,71.1,63.9,57.9,53,48.8,45.4,42.2,39,37.2,35.7,34.6,33.7,33.1,32.6,32.2,31.8,31.5,31.1,30.8,30.5,
South Asia,SAS,"Mortality rate, infant (per 1,000 live births)",SP.DYN.IMRT.IN,89.9,87.8,85.8,83.9,82,80,77.9,75.8,73.7,71.5,69.3,67.2,65.1,63.2,61.4,59.6,57.9,56.1,54.4,52.6,50.8,49,47.1,45.2,43.4,41.6,39.7,38.1,36.5,35.1,33.7,32.5,31.3,30.2,
Saudi Arabia,SAU,"Mortality rate, infant (per 1,000 live births)",SP.DYN.IMRT.IN,40.5,37.5,34.7,32.2,29.9,27.8,25.9,24.2,22.6,21.2,19.9,18.7,17.6,16.5,15.5,14.6,13.7,12.8,12,11.2,10.4,9.7,9.1,8.5,7.9,7.4,6.9,6.5,6.1,5.8,5.5,5.3,5.1,4.9,
Sudan,SDN,"Mortality rate, infant (per 1,000 live births)",SP.DYN.IMRT.IN,84.4,83.4,82.4,81.3,80.2,78.9,77.6,76.1,74.4,72.7,70.8,68.9,66.9,65,68.2,66.8,59.9,58.4,57,55.7,54.5,53.4,52.3,51.3,50.1,49,47.8,46.5,45.3,44,42.8,41.6,40.3,39.2,
Senegal,SEN,"Mortality rate, infant (per 1,000 live births)",SP.DYN.IMRT.IN,72.9,72.5,72.8,73.6,74.6,75.6,76.6,77.1,77,75.9,73.8,70.4,66.2,61.8,57.5,53.5,50.1,47.2,44.9,43,41.5,40.3,39.3,38.5,37.9,37.3,36.9,36.4,35.7,34.9,33.9,32.7,31.4,30.2,
Singapore,SGP,"Mortality rate, infant (per 1,000 live births)",SP.DYN.IMRT.IN,6.1,5.5,5,4.6,4.2,4,3.8,3.6,3.4,3.2,3,2.8,2.7,2.5,2.4,2.3,2.3,2.3,2.3,2.2,2.2,2.2,2.2,2.2,2.2,2.2,2.2,2.1,2.1,2,1.9,1.9,1.8,1.7,
Solomon Islands,SLB,"Mortality rate, infant (per 1,000 live births)",SP.DYN.IMRT.IN,28.5,27.8,27.1,26.4,25.7,25.1,24.6,24.2,23.8,23.5,23.2,23,22.8,22.6,22.5,22.3,22.2,21.9,21.7,21.4,21.1,20.8,20.5,20.2,19.9,19.6,19.4,19.1,18.7,18.3,17.9,17.5,17,16.5,
Sierra Leone,SLE,"Mortality rate, infant (per 1,000 live births)",SP.DYN.IMRT.IN,135.5,135.2,134.8,134.4,133.7,132.7,131.4,129.7,127.8,125.7,123.4,120.8,118.2,115.4,112.4,109.3,106,102.4,98.5,94.7,90.8,87,83.4,80,77.7,76.9,71.3,68.8,66.3,64.1,61.9,60,58,56.2,
El Salvador,SLV,"Mortality rate, infant (per 1,000 live births)",SP.DYN.IMRT.IN,47.1,44.7,42.4,40.1,37.9,35.7,33.6,31.6,29.8,28.1,26.5,25,23.7,22.4,21.2,20.1,19,18.1,17.2,16.4,15.6,14.9,14.3,13.6,13.1,12.5,12,11.5,11.1,10.6,10.2,9.8,9.5,9.2,
San Marino,SMR,"Mortality rate, infant (per 1,000 live births)",SP.DYN.IMRT.IN,11.1,10.2,9.4,8.7,8,7.4,6.8,6.3,5.8,5.4,5,4.6,4.3,4,3.7,3.5,3.2,3,2.8,2.7,2.5,2.4,2.3,2.1,2,1.9,1.8,1.7,1.7,1.6,1.5,1.5,1.4,1.4,
"Somalia, Fed. Rep.",SOM,"Mortality rate, infant (per 1,000 live births)",SP.DYN.IMRT.IN,106.8,264.9,274,104.3,104.3,104.3,104.3,104.3,104.3,104.3,104.3,104.3,104.3,104.3,104.3,104.2,103.8,102.8,101,98.9,112.9,215.7,112.4,89,86.3,84.1,82,96.7,85.8,75.7,73.7,71.8,89.9,67.8,
Serbia,SRB,"Mortality rate, infant (per 1,000 live births)",SP.DYN.IMRT.IN,24.6,22.6,21.1,19.9,18.6,16.9,15.1,13.5,12.3,11.5,10.9,10.4,9.9,9.1,8.4,7.8,7.4,7.1,6.9,6.7,6.6,6.4,6.1,5.9,5.7,5.4,5.2,5.1,5,4.8,4.7,4.6,4.5,4.5,
Sub-Saharan Africa (excluding high income),SSA,"Mortality rate, infant (per 1,000 live births)",SP.DYN.IMRT.IN,99.54539661,101.6091737,101.3167444,98.28973152,98.94448496,96.71627532,95.73381767,94.42975622,93.84573329,90.45633234,88.01194416,85.30870834,82.31432684,79.37498735,76.65372192,73.78646496,70.89709337,68.40855917,66.06598836,65.0195378,62.57610937,62.7588023,59.30886842,57.59473966,57.02578081,55.94131985,54.85341027,53.92011814,51.51337471,50.27219296,48.74928248,47.70993934,47.54829119,45.13842807,
South Sudan,SSD,"Mortality rate, infant (per 1,000 live births)",SP.DYN.IMRT.IN,157.4,156,165.3,163.3,138.9,147.1,144,140.5,234.6,122.9,118.5,114,109.6,105.1,100.8,96.6,92.6,89,85.5,82.1,79,76.1,74,72.9,117.7,148.5,164.1,172.9,91.8,72.6,72.6,72.6,72.6,72.6,
Sub-Saharan Africa,SSF,"Mortality rate, infant (per 1,000 live births)",SP.DYN.IMRT.IN,102.4,104,103.4,100.4,100.6,98.2,96.9,95.3,94.4,91,88.5,85.7,82.6,79.6,76.8,73.8,70.9,68.3,65.9,64.7,62.3,62.2,58.9,57.1,56.4,55.2,54,53,50.6,49.4,47.8,46.8,46.5,44.2,
Small states,SST,"Mortality rate, infant (per 1,000 live births)",SP.DYN.IMRT.IN,51.84384497,51.25457746,50.11014415,49.1136398,48.56375519,48.21702708,47.29910484,46.53453023,46.40557864,46.36335965,39.52186558,39.02100542,38.40301526,37.65566996,36.64003822,35.57115905,33.71136435,32.85949819,32.14823336,31.09472095,30.06111728,29.07786688,28.40111241,27.8536569,27.27862369,26.45048132,25.64541181,25.22223406,24.57697219,24.29665454,23.78396017,23.26392131,22.87841989,22.33090136,
Sao Tome and Principe,STP,"Mortality rate, infant (per 1,000 live births)",SP.DYN.IMRT.IN,65,65.6,65.8,65.6,64.9,63.6,61.8,59.5,56.9,54,50.7,47.5,44.2,41,37.8,34.9,32.2,29.6,27.3,25.2,23.2,21.4,19.7,18,16.5,15.1,13.9,12.9,12,11.3,10.7,10.2,9.8,9.4,
Suriname,SUR,"Mortality rate, infant (per 1,000 live births)",SP.DYN.IMRT.IN,37.4,36.4,35.3,34.2,33.2,32.1,31.1,30.1,29.2,28.2,27.3,26.5,25.7,25,24.3,23.7,23.1,22.6,22.1,21.6,21.1,20.7,20.3,19.8,19.4,19,18.6,18.1,17.6,17.1,16.6,16.2,15.7,15.2,
Slovak Republic,SVK,"Mortality rate, infant (per 1,000 live births)",SP.DYN.IMRT.IN,12.6,12.2,11.7,11.2,10.6,10.1,9.7,9.2,8.8,8.4,8.1,7.8,7.5,7.3,7.1,6.9,6.6,6.4,6.1,5.9,5.7,5.5,5.4,5.3,5.2,5.1,5.1,5,5,4.9,4.9,5,5,5.1,
Slovenia,SVN,"Mortality rate, infant (per 1,000 live births)",SP.DYN.IMRT.IN,8.8,8.2,7.6,7.1,6.6,6.2,5.8,5.4,5.1,4.8,4.5,4.3,4.1,3.9,3.7,3.5,3.3,3.1,2.9,2.8,2.6,2.5,2.4,2.3,2.2,2.1,2.1,2,2,2,1.9,1.9,1.9,1.8,
Sweden,SWE,"Mortality rate, infant (per 1,000 live births)",SP.DYN.IMRT.IN,5.9,5.6,5.2,4.8,4.4,4,3.8,3.6,3.5,3.4,3.4,3.3,3.3,3.2,3.1,3,2.8,2.7,2.6,2.6,2.5,2.5,2.4,2.4,2.4,2.3,2.3,2.3,2.2,2.2,2.1,2.1,2,2,
Eswatini,SWZ,"Mortality rate, infant (per 1,000 live births)",SP.DYN.IMRT.IN,56.6,56.3,57,58.6,60.5,62.6,65.4,67.7,69.7,71.5,73,74.3,75.2,75.9,75.7,74.7,65.6,66.3,68.5,65.5,62,57.8,58,57.4,57.9,54.9,52,51.5,48.5,48.2,47.1,45.8,44.6,43.5,
Sint Maarten (Dutch part),SXM,"Mortality rate, infant (per 1,000 live births)",SP.DYN.IMRT.IN,,,,,,,,,,,,,,,,,,,,,,,,,,,,,,,,,,,
Seychelles,SYC,"Mortality rate, infant (per 1,000 live births)",SP.DYN.IMRT.IN,13.1,12.8,12.5,12.3,12.1,12,11.9,11.8,11.8,11.8,11.8,11.8,11.9,12,12,12.1,12.2,12.3,12.4,12.5,12.6,12.7,12.8,12.9,13.1,13.2,13.3,13.4,13.5,13.6,13.6,13.5,13.3,13.1,
Syrian Arab Republic,SYR,"Mortality rate, infant (per 1,000 live births)",SP.DYN.IMRT.IN,31.6,30.5,29.4,28.2,27,25.8,24.7,23.6,22.5,21.6,20.8,20.1,19.5,18.9,18.5,18.1,17.9,17.7,17.6,17.6,17.6,18.8,23.7,25,24.7,25.6,23.9,24.5,24.5,21.5,20.4,19.7,19.5,19,
Turks and Caicos Islands,TCA,"Mortality rate, infant (per 1,000 live births)",SP.DYN.IMRT.IN,14.4,13.5,12.6,11.9,11.2,10.5,9.9,9.3,8.8,8.4,7.9,7.5,7.2,6.9,6.6,6.3,6.1,5.9,5.7,5.6,5.5,5.3,5.2,5.1,5,4.9,4.8,4.7,4.6,4.5,4.3,4.2,4.1,4,
Chad,TCD,"Mortality rate, infant (per 1,000 live births)",SP.DYN.IMRT.IN,116.2,114.7,113.3,111.9,110.6,109.4,108.1,106.8,105.3,103.7,102,100.3,98.5,96.6,94.8,93,91,89,87,84.9,82.8,80.7,78.6,76.6,74.8,72.8,71,69.2,67.4,65.5,63.6,61.9,60.3,58.7,
East Asia & Pacific (IDA & IBRD countries),TEA,"Mortality rate, infant (per 1,000 live births)",SP.DYN.IMRT.IN,46.72645568,46.29694264,45.36813441,44.17806292,42.85355062,41.42278255,39.9830376,38.45455528,36.85615726,35.15155716,33.26829261,31.50672454,29.6768003,27.8971728,26.40633146,24.46431409,22.96750134,21.55378586,20.66175639,19.12236525,18.13537023,17.24219486,16.06523717,15.41831707,14.54256712,14.08816263,13.31210203,12.67483711,12.65278183,12.35646943,12.56380364,12.52172894,12.47612475,12.27655093,
Europe & Central Asia (IDA & IBRD countries),TEC,"Mortality rate, infant (per 1,000 live births)",SP.DYN.IMRT.IN,37.15034614,37.03679067,37.22564723,37.34465015,36.44523018,35.77005313,34.35212421,33.15352496,31.57092235,29.92940562,28.03167323,26.30329919,24.54209739,22.87492572,21.54707717,20.18566591,18.87403165,17.55593946,16.3674106,15.31607965,14.46033294,13.71594712,12.94561799,12.37812474,11.75094395,11.17343395,10.60024622,10.23615514,9.938540465,9.72256084,9.46628152,9.270950035,9.123749347,9.176732253,
Togo,TGO,"Mortality rate, infant (per 1,000 live births)",SP.DYN.IMRT.IN,85.2,84.3,83.5,82.5,81.4,80.1,78.5,76.7,74.9,72.8,70.8,68.7,66.7,64.7,62.8,61,59.3,57.7,56.1,54.6,53,51.4,49.8,48.3,46.8,45.4,44,42.7,41.4,40.2,39.1,38,36.9,35.9,
Thailand,THA,"Mortality rate, infant (per 1,000 live births)",SP.DYN.IMRT.IN,31.1,29.4,27.9,26.4,25.1,23.8,22.6,21.5,20.5,19.5,18.5,17.7,16.9,16.1,15.4,14.8,14.2,13.6,13.1,12.6,12.2,11.7,11.3,11,10.6,10.3,10,9.6,9.4,9.1,8.8,8.5,8.3,8,
Tajikistan,TJK,"Mortality rate, infant (per 1,000 live births)",SP.DYN.IMRT.IN,76,78.3,81.3,83.4,84.2,83,80.3,76.3,71.8,67,62.2,57.5,53,48.7,44.8,41.4,38.3,35.7,33.4,31.5,29.9,28.4,27.2,26.3,25.4,24.7,24.1,23.7,23.4,23.3,23.2,23.2,23.1,22.9,
Turkmenistan,TKM,"Mortality rate, infant (per 1,000 live births)",SP.DYN.IMRT.IN,68.7,67.8,67.5,67.6,67.8,67.7,67.1,65.9,64,61.3,58.3,55,51.7,48.6,45.7,43,40.7,38.7,37.2,35.9,34.9,34.3,33.9,33.7,33.6,33.8,34,34.2,34.1,33.8,33.2,32.6,32,31.2,
Latin America & the Caribbean (IDA & IBRD countries),TLA,"Mortality rate, infant (per 1,000 live births)",SP.DYN.IMRT.IN,44.47277919,42.64085521,40.75163755,38.88107037,37.05670756,35.23791806,33.50621409,31.82233316,30.46734425,28.75149179,27.33124034,26.02242817,24.77491898,23.6800363,22.64529573,21.64986058,20.77338536,19.98836353,19.23760575,18.59379376,18.5724877,17.41222784,16.91385723,16.46209621,16.01666242,15.69790205,15.97432131,15.31614942,14.97300384,14.68861022,14.4187897,14.14647229,13.87581028,13.62856767,
Timor-Leste,TLS,"Mortality rate, infant (per 1,000 live births)",SP.DYN.IMRT.IN,164.4,160.4,152.4,144.6,138.7,137.9,131.8,125.9,126.2,130.3,83.9,79.9,76,72.2,68.7,65.3,62.2,59.3,56.7,54.3,52.1,50,48.2,46.6,45.1,43.8,42.6,41.6,40.7,39.9,38.9,37.9,36.9,35.9,
"Middle East, North Africa, Afghanistan & Pakistan (IDA & IBRD)",TMN,"Mortality rate, infant (per 1,000 live births)",SP.DYN.IMRT.IN,81.55880802,79.71971536,78.12291485,77.01996495,76.00437508,74.64555638,73.05176568,71.1868696,69.23207269,67.35606609,65.42103215,63.26001958,61.29664811,59.6329532,57.69645407,55.95076699,54.42361839,52.87885391,51.43343298,50.1157137,48.67532354,47.23140928,45.82828899,44.33616654,42.91224406,41.6942591,40.532442,39.54706718,38.94596772,38.15496116,37.1789756,36.31243558,35.33414334,34.28966524,
Tonga,TON,"Mortality rate, infant (per 1,000 live births)",SP.DYN.IMRT.IN,18,17.4,16.8,16.3,15.8,15.4,15.1,14.8,14.5,14.1,13.8,13.4,13.1,12.7,12.4,12,11.7,11.4,11.1,10.8,10.6,10.4,10.2,10,9.8,9.6,9.4,9.2,9,8.9,8.7,8.4,8.2,8,
South Asia (IDA & IBRD),TSA,"Mortality rate, infant (per 1,000 live births)",SP.DYN.IMRT.IN,85.41753956,83.24533788,81.1727017,79.18739143,77.29653923,75.33039335,73.29815331,71.25434363,69.223445,67.00459284,64.88313024,62.72432478,60.6786103,58.68269307,56.78071488,54.77598348,52.8596846,50.87916729,48.95757206,47.01557061,45.0794864,43.08755307,41.09333528,39.16579633,37.2409278,35.43242014,33.61976472,31.98026532,30.37521756,28.86263791,27.48296303,26.22336486,25.17607592,24.23089452,
Sub-Saharan Africa (IDA & IBRD countries),TSS,"Mortality rate, infant (per 1,000 live births)",SP.DYN.IMRT.IN,102.3740978,103.9587622,103.4227057,100.3703709,100.5768852,98.16693132,96.87924549,95.3122696,94.40455555,91.01063027,88.45842473,85.66814104,82.60723917,79.60544878,76.78058964,73.84681159,70.89464638,68.33492128,65.92973354,64.71915029,62.26599264,62.20356685,58.86804712,57.10693044,56.39672202,55.21064475,54.02537328,53.00023268,50.64320857,49.35926595,47.84058092,46.77753356,46.50561997,44.20945304,
Trinidad and Tobago,TTO,"Mortality rate, infant (per 1,000 live births)",SP.DYN.IMRT.IN,29.6,29.1,28.8,28.4,28.1,27.8,27.4,27.1,26.8,26.5,26.1,25.8,25.4,25,24.7,24.3,23.9,23.5,23,22.6,22.3,21.9,21.5,21.2,20.8,20.4,20.1,19.7,19.3,19,18.6,18.1,17.6,17.2,
Tunisia,TUN,"Mortality rate, infant (per 1,000 live births)",SP.DYN.IMRT.IN,37.3,36.1,35,33.8,32.5,31.1,29.7,28.2,26.7,25.3,23.9,22.7,21.5,20.5,19.6,18.9,18.2,17.7,17.2,16.9,16.7,16.5,16.3,16.2,16.1,16,15.8,15.5,15.1,14.4,13.5,12.5,11.5,10.6,
Turkiye,TUR,"Mortality rate, infant (per 1,000 live births)",SP.DYN.IMRT.IN,60.8,57.3,53.8,50.5,47.3,44.2,41.2,38.4,35.8,33.2,30.8,28.6,26.5,24.6,22.8,21.1,19.5,18.1,16.9,15.7,14.7,13.8,12.9,12.2,11.5,11,10.4,9.9,9.5,9.1,8.7,8.4,8,9.1,
Tuvalu,TUV,"Mortality rate, infant (per 1,000 live births)",SP.DYN.IMRT.IN,44.6,44.1,43.6,42.9,42.2,41.3,40.3,39.1,38,36.9,35.8,35,34.3,33.6,32.9,32.1,31.2,30.1,29,27.8,26.7,25.7,24.7,23.9,23.1,22.3,21.5,20.8,20.1,19.5,18.8,18.2,17.7,17.1,
Tanzania,TZA,"Mortality rate, infant (per 1,000 live births)",SP.DYN.IMRT.IN,105.4,104.6,103.9,103.1,102.2,101,99.2,96.8,93.8,89.9,85.3,80.4,75.4,70.7,66.4,62.3,59,55.6,53.2,50.5,48.5,46.6,45,43.7,42.3,41.1,39.5,37.7,36,34.7,33.5,32.4,31.2,29.9,
Uganda,UGA,"Mortality rate, infant (per 1,000 live births)",SP.DYN.IMRT.IN,107.2,105.1,103,101.1,99.7,98.8,98.1,97.1,95.5,93,89.8,85.9,81.4,76.6,71.7,67,62.7,58.7,55.1,52.4,49.5,46.7,44.1,42.2,40.3,38.4,36.4,34.6,32.9,31.7,30.6,29.5,28.7,27.6,
Ukraine,UKR,"Mortality rate, infant (per 1,000 live births)",SP.DYN.IMRT.IN,18.3,18.3,18.5,18.8,19.1,19.4,19.4,19.3,18.9,18.3,17.6,16.8,16,15.3,14.6,14,13.5,13,12.5,11.9,11.4,10.8,10.3,9.9,9.5,9.2,8.9,8.7,8.5,8.3,8.1,8,8,7.8,
Upper middle income,UMC,"Mortality rate, infant (per 1,000 live births)",SP.DYN.IMRT.IN,45.4,44.5,43.2,41.8,40.3,38.8,37.2,35.6,33.9,32.3,30.6,29,27.3,25.7,24.5,22.9,21.5,20.3,19.1,18,17.1,16.3,15.3,14.7,14,13.5,12.8,12.2,12.1,11.8,11.9,11.8,11.6,11.5,
Uruguay,URY,"Mortality rate, infant (per 1,000 live births)",SP.DYN.IMRT.IN,20.8,20.4,20.1,19.7,19.2,18.5,17.7,16.8,16,15.3,14.7,14.3,14,13.6,13.1,12.4,11.6,10.9,10.2,9.7,9.2,8.8,8.5,8.2,7.9,7.5,7.2,6.8,6.5,6.2,6,5.8,5.6,5.5,
United States,USA,"Mortality rate, infant (per 1,000 live births)",SP.DYN.IMRT.IN,9.4,9.1,8.8,8.5,8.2,7.9,7.7,7.5,7.3,7.2,7.1,7,7,6.9,6.8,6.8,6.7,6.6,6.5,6.4,6.2,6.1,6,5.9,5.8,5.8,5.7,5.6,5.6,5.5,5.5,5.5,5.5,5.5,
Uzbekistan,UZB,"Mortality rate, infant (per 1,000 live births)",SP.DYN.IMRT.IN,60.4,60.5,60.8,60.9,60.9,60.7,60.3,59.6,58.5,57,55.1,52.9,50.3,47.6,44.7,41.7,38.8,35.8,33,30.4,27.9,25.6,23.5,21.7,20,18.6,17.4,16.4,15.5,14.8,14.2,13.7,13.1,12.7,
St. Vincent and the Grenadines,VCT,"Mortality rate, infant (per 1,000 live births)",SP.DYN.IMRT.IN,19.7,19.2,18.9,18.8,18.8,18.9,19.1,19.2,19.4,19.5,19.5,19.6,19.7,19.8,19.9,20,20.1,20.1,20,19.7,19.3,18.6,17.9,17.1,16.3,15.4,14.5,13.6,12.8,12,11.4,10.8,10.3,9.9,
"Venezuela, RB",VEN,"Mortality rate, infant (per 1,000 live births)",SP.DYN.IMRT.IN,24.3,23.5,22.8,22.3,22,21.5,20.8,20,19.1,18.2,17.5,17,16.6,16.2,15.7,15.3,14.8,14.5,14.4,14.4,14.5,14.8,15.1,15.4,15.8,16.8,21.5,21.5,21.5,21.5,21.5,21.5,21.5,21.5,
British Virgin Islands,VGB,"Mortality rate, infant (per 1,000 live births)",SP.DYN.IMRT.IN,19.1,18.3,17.6,17,16.5,16,15.6,15.3,15,14.7,14.5,14.4,14.2,14.1,14,13.9,13.9,13.9,13.9,13.9,13.9,14,14,14.1,14.1,14,13.8,13.6,13.3,13,12.7,12.3,12,11.6,
Virgin Islands (U.S.),VIR,"Mortality rate, infant (per 1,000 live births)",SP.DYN.IMRT.IN,,,,,,,,,,,,,,,,,,,,,,,,,,,,,,,,,,,
Viet Nam,VNM,"Mortality rate, infant (per 1,000 live births)",SP.DYN.IMRT.IN,37.2,35.5,33.7,31.9,30.1,28.4,26.8,25.3,23.9,22.7,21.7,20.7,19.9,19.2,18.6,18.1,17.7,17.3,17,16.8,16.5,16.3,16.2,16,15.8,15.6,15.4,15.2,15,14.9,14.7,14.5,14.3,14,
Vanuatu,VUT,"Mortality rate, infant (per 1,000 live births)",SP.DYN.IMRT.IN,28.1,26.9,25.9,25,24.3,23.7,23.1,22.7,22.2,21.8,21.4,21.1,20.8,20.4,20.1,19.8,19.5,19,18.5,17.9,17.3,16.8,16.3,16,15.7,15.4,15.3,15.1,15,14.9,14.8,14.6,14.4,14.2,
World,WLD,"Mortality rate, infant (per 1,000 live births)",SP.DYN.IMRT.IN,64,64.2,63.4,62.2,61.4,60.3,59.1,57.9,56.7,55,53.2,51.6,49.9,48.1,46.4,44.6,42.8,41.2,39.7,38.5,37.2,36.4,34.5,33.5,32.5,31.8,30.8,30,29.5,28.9,28.5,28.1,28,27.1,
Samoa,WSM,"Mortality rate, infant (per 1,000 live births)",SP.DYN.IMRT.IN,22.8,22.1,21.4,20.7,20,19.4,18.7,18.1,17.5,16.9,16.4,15.9,15.5,15.3,15.1,15,15.1,15.1,15.2,17.4,15.3,15.2,15.1,15,14.9,14.8,14.7,14.5,14.3,14.9,13.8,13.4,13.1,12.8,
Kosovo,XKX,"Mortality rate, infant (per 1,000 live births)",SP.DYN.IMRT.IN,90.5,84.9,79.6,74.6,69.6,64.9,60.2,55.7,51.4,47.3,43.4,39.7,36.3,33.1,30.3,27.7,25.4,23.3,21.5,19.8,18.3,17,15.9,14.8,13.9,13,12.3,11.5,10.8,10.2,9.6,9.1,8.7,8.3,
"Yemen, Rep.",YEM,"Mortality rate, infant (per 1,000 live births)",SP.DYN.IMRT.IN,96.6,94.3,92.4,90.7,89.2,87.9,86.3,84.5,82.1,79.2,75.9,72.3,68.6,65.2,61.9,58.7,55.8,53.1,50.6,48.5,46.6,45,43.7,42.4,41.5,41.3,40.5,39.7,39.6,38.8,37.4,36.7,35.7,34.7,
South Africa,ZAF,"Mortality rate, infant (per 1,000 live births)",SP.DYN.IMRT.IN,52.8,50.9,49.4,48.2,47.5,46.7,46.1,45.8,45.9,46.4,46.9,47.6,48,48.6,49,47.9,46,43.8,40.6,37.7,35.4,33.9,33,32,30.9,29.7,28.4,27.3,26.3,25.6,25,24.7,24.5,24.4,
Zambia,ZMB,"Mortality rate, infant (per 1,000 live births)",SP.DYN.IMRT.IN,101.6,102.2,102.2,101.5,100.2,98.6,97.1,95.8,94.4,92.5,89.4,84.6,78.8,72.9,66.7,61.2,57.5,55.4,52.9,50.7,49,47.6,46.4,44.7,43.3,42.5,40.9,38.8,37.5,35.7,34.5,33.4,32.2,30.9,
Zimbabwe,ZWE,"Mortality rate, infant (per 1,000 live births)",SP.DYN.IMRT.IN,52.8,52.9,53.5,54.7,56.2,57.9,58.6,58.5,58.3,58.4,59.3,61.1,58.3,61,64.2,66.6,69.5,71.5,71.7,70.7,67.6,64.7,59.9,57,54.3,52.8,50.8,49.2,47.4,46,44.9,43.6,42.2,40.6,
